116,210,121,212,120,205,127,203,169,279,187,306,196,311,170,306,172,306,179,316,166,305,151,308,94,251,100,227,94,226,94,226,137,205,119,253,161,285,161,287,158,290,87,273,60,175,66,144,34,209,84,147,70,131,72,131,82,131,40,209,41,210,71,133,46,204,72,189,68,186,68,184,69,187,74,181,20,196,42,238,74,271,85,204,69,207,57,225,91,211,87,169,82,151,85,156,89,142,89,143,89,141,93,142,93,146,120,120,133,127,136,213,130,214,88,165,124,169,103,182,100,182,110,178,126,171,101,139,118,103,110,122,114,126,113,117,116,115,117,113,119,112,122,110,118,110,129,108,137,101,130,102,125,106,122,108,121,109,119,108,124,108,116,147,129,152,131,119,136,101,114,118,102,108,80,120,83,121,87,124,90,127,92,131,93,133,95,132,119,119,133,119,134,121,122,150,100,153,101,92,104,89
124.86,217.85,130.36,218.26,129.97,209.98,138.9,203,170.99,267.84,189.71,295.33,198.16,299.82,173.46,295.55,179.81,297.21,186.74,307.24,175.23,298.97,160.93,304.03,105.25,253.1,110.49,230,103.91,229.97,104.28,230.04,146.44,201.56,124.61,243.41,165.17,274.78,166.01,276.99,160.95,279.26,89.266,261.7,69.541,172.03,75.286,141.75,29.974,198.93,93.426,145.08,78.531,126.88,80.417,126.61,90.452,126.59,40.986,197.24,42.491,198.51,78.753,126.15,51.968,194.87,82.009,187,77.044,182.02,76.891,179.15,78.177,182.87,83.411,177.64,29.726,200.77,51.419,243.5,86.089,271,94.266,210.04,77.683,214.79,66.739,229.79,99.816,218.97,94.724,177.72,86.567,160.56,89.701,165.71,94.338,151.44,93.811,152.69,94.706,150.61,100.15,151.13,102.65,151.54,129.73,124.84,143.22,130.17,145.86,210,140.34,212,99.42,165.91,135.09,168,113.62,184.97,111.22,184,117.89,171.11,134.06,162.94,109.73,145.72,124.07,112.06,117.68,130.68,122.76,133.68,121.16,125.08,124.73,122.77,126.11,119.04,128.61,116.9,132.58,112.87,128.71,112.77,139.42,110.92,148.12,100.09,141.78,102,136.03,108,131.34,113.31,130.15,115.08,128.59,113.62,133.2,114.12,126.44,150.42,138.65,156.78,140.67,123.78,145.25,106.27,124.1,118.07,113.44,108.43,89.148,112.96,89.25,111.76,88.081,113.24,88.737,116.3,90,119.7,92,121.44,96.99,120.93,126.74,111.26,140.76,112.05,141.47,113.56,131.63,145.32,111.03,154.99,110.18,99.028,114.48,92.499
134.68,222.9,139.34,225.44,140.19,214.23,150.31,204.02,175.02,257.57,193.97,285.35,201.96,289.36,178.3,285.6,188.46,288.99,194.54,298.46,184.57,293.01,170.04,297.99,116.94,251.99,121.47,232,114.53,233.03,115,233,156.48,199.13,133.48,235.63,170.08,264.88,173.19,267.81,166.46,269.45,93.046,251.13,79.743,170.01,84.488,138.9,29,187.27,102.59,141.88,87.677,124.3,89.162,123.06,99.189,122.96,42.007,185.48,45.007,187.49,87.177,120.88,57.457,185.45,91.526,183.9,86.605,179.1,85.735,174.05,87.014,178,92.704,174.12,39.889,204.94,61.758,247.08,97.678,270.1,104,214.99,87.288,220.35,76.923,233.95,109.32,225.04,103.73,184.73,92.712,169.76,98.024,174.01,102.64,159.75,101.46,161.45,100.34,160.29,106.51,160.59,111.94,157.98,139.04,131.01,152.97,134.99,156.69,208.93,151.63,212,110.38,167.92,145.7,169.99,124.94,186.96,122.45,186.01,126.42,163.59,142.11,154.89,119.66,150.87,131.63,120.63,126.56,138.09,132.32,139.04,131.08,130.05,134.62,127.54,135.53,124.63,138.26,122.34,142.8,116.82,138.84,117.03,149.91,114.03,158.87,101.93,152.59,104.04,146.69,110.72,140.63,118.73,138.48,123.48,136.68,121.67,140.83,122.84,135.72,156.68,147.87,162.88,149.6,130.59,153.73,113.73,133.72,121.65,123.87,111.02,99.456,108.89,98.449,105.42,94.191,103.78,92.178,105.86,92.098,108.33,92.988,109.91,100.45,110.54,135.73,104.93,149.94,107.04,150.3,108.09,141.35,140.58,122.24,155,119.76,104.93,125.3,95.266
144.75,227.69,149.03,231.01,150.28,218.94,161.16,206.13,180.25,247.78,200.72,276.26,206.96,279.32,183.96,276.03,196.4,280.6,203.08,289.93,193.6,286.27,179.47,292.65,128.61,251.13,133.42,232,126.07,234,126.21,232.99,166.81,197,141.25,226.75,177.21,255.81,182.15,259.92,174.36,260.56,97.933,241.06,89.948,167.99,94.506,138.13,29.995,175.61,112.17,140.02,97.024,122,97.82,119.14,108.26,120.08,43,173.72,46.98,176.24,95.422,115.46,63.693,176.41,101.53,182.03,96.177,175.92,94.738,169.22,96.133,173.82,102.17,170.86,50.581,207.98,72.28,250.12,108.53,267.46,114.03,219.02,97.23,225.1,87.604,236.9,119.43,229.42,113.29,190.25,101.15,178.03,107.14,180.15,112.11,164.96,110.2,169.07,108.17,169.17,115.17,169.16,121.05,165.02,148.57,136.58,162.53,140.41,167.99,209,162.3,213.27,120.91,170.94,155.86,173.03,136.65,188,134.44,186.42,135.61,157.89,151.27,149.84,130.56,153.99,139.92,128.92,136.3,143.04,142.39,142.99,141.03,135.02,144.34,132.42,145.12,130.05,147.9,127.87,153.22,120.17,149.16,120.96,160.3,117.28,168.46,106.58,162.35,108.45,157.44,113.34,149.7,124.97,146.03,132.14,143.02,131.05,147.03,132.06,144.98,162.98,155.76,170.75,156.51,139.39,159.9,122.65,142.51,127.41,133.56,115.46,111.11,107.98,109.35,102.89,103.83,97.97,99.974,97.03,98.265,98.751,97.936,100.07,104.52,100.39,145.5,100.87,160.3,105,160.08,104.93,151.07,136.03,132.92,151.97,129.47,110.56,136.58,97.002
154.91,232.01,158.6,236.69,160.55,223.45,171.78,208.82,185.97,238.13,207.71,267.26,213.06,269.66,190.24,266.64,204.94,272.06,210.87,281.13,202.91,280.02,188.24,285.74,139.33,247.89,145.36,232,137.14,232.02,137.9,232,176.52,193.52,150.41,219.72,185.01,246.98,191.03,251.99,183.41,252.98,103.98,231.41,100.66,166.93,103.71,135.26,34.512,165.58,122.26,139,106.99,121,107.72,118.1,117.26,117.03,45.09,162.43,48.99,165.02,104.34,111.66,69.045,166.93,111.52,180,106.2,174,103.97,165.01,105.06,168.97,111.85,168.01,62.209,209,83.271,252.1,119.28,264.74,124.99,220.99,107.86,228.05,98.773,238.91,129.8,233.03,123.08,195.03,110.02,185.03,116.74,184.91,122.03,169,119.92,173.97,117.35,176.23,124.38,176.25,130.7,170.63,157.8,142.89,171.61,146.75,178.82,209.99,172.84,214.87,131.32,173.9,166,176.01,147.94,190,145.86,188,145.02,152.99,159.72,143.15,141.92,156,148.48,136.47,146.02,148.03,152.88,146.02,152.18,137.14,154.68,135.97,154.88,134.86,157.19,134.21,163.06,125.06,159,126,169.55,123.46,177.54,112.59,171.25,115.26,166.62,119.72,158.01,132.46,152.03,141.37,149.43,140.34,152.51,141.53,153.72,170.72,163.38,179.38,160.95,149.16,164.22,132.31,150.7,134.7,142.25,122.3,121.87,110.9,120.85,103.99,115.49,97.099,110.12,93.041,108.36,94.105,105.92,92.03,112.35,91.668,156.21,98.911,170.34,101.89,169.6,101.01,160.95,131.98,143.15,147.89,140.04,114.03,148.22,97.997
165.22,236.05,168.73,241.08,170.28,229.09,182.62,210.9,193.01,228.97,215.45,258.55,219,260,196.61,257.32,213.43,263.49,218.67,272.34,212.18,273.86,196.84,278.17,150.36,245.67,156.88,232.91,148.69,230.93,149.12,230.02,186.51,191.13,159.59,213.01,192.86,238.14,200.68,246.2,192.98,247.01,110.93,222.06,111.84,167,114.07,134.95,40.118,155.9,132.35,138.01,116.55,119,117.73,117,127.26,115.98,48.027,151.62,53.283,154.78,113.22,107.81,76.612,158.28,121.34,177.68,116.16,171.87,112.92,160.11,113.92,164.02,121.62,165.37,73.839,210,95.235,252,130.01,261.99,135.55,224,118.43,231,110.44,239.99,140.96,234.98,132.89,199.86,118.9,191.96,126.17,190.22,132.24,172.21,129.6,179.05,126.93,181.97,133.61,182.94,140.04,177.02,166.85,149.84,180.91,152.9,190.13,210,183.56,216,141.27,178.33,175.89,179.86,159.69,190.9,157.11,190.06,154.84,149.14,169.21,138.96,153.5,157.49,157.03,144.02,156.16,152.11,163.42,149.11,162.66,140.7,164.56,140.68,163.84,141.84,165.71,142.74,171.87,132.78,167.86,133.77,177.21,132.17,183.97,121.46,177.96,124.16,173.94,127.95,165.03,141.22,156.98,150.99,152.12,151.15,156.09,151.74,162.64,177.97,171.74,187.74,165.84,158.72,168.08,142.18,157.94,142.94,151.07,129.03,132.09,115.12,131.31,107.3,126.19,97.939,121.73,92,119.68,92,115.98,87.984,121.9,86.069,167.88,99,181.74,102,179.92,99.004,171.84,130.13,152.8,142.19,150.43,118,159.37,100.01
175.94,238.96,178.93,245.02,180.47,233.46,193.09,213.99,201.55,220.34,223.92,250.08,226.03,250.72,205.19,248.81,222.55,256.48,227.46,264.54,221.48,267.65,205.37,270.55,161.22,243.04,168.28,234.01,160.22,230.02,159.83,227.04,196.84,188.97,169.07,206.97,201.43,229.57,210.64,241.03,203.28,243.09,119.91,214.1,123.04,167,123.7,132.94,49.477,149.51,142.44,137,126.69,119.73,128.21,117,137.27,115,53.207,141.68,60.571,146.01,122.52,104.9,84.809,151.2,131.5,175.97,126.2,169.83,122.14,155.92,122.37,158.01,131.33,162.69,85.954,210,106.73,251,140.15,257.93,146.54,225.9,129.51,232.91,121.72,241.76,151.79,237.82,142.92,203.97,128.11,198.1,135.84,194.86,142.67,175.01,139.76,182.78,136.8,186.89,143.34,188.45,149.17,184.04,175.84,156.84,189.83,159.97,200.95,211,194.36,216.99,151.08,183.03,185.17,185.02,170.51,194,168.33,192.11,164.97,146.02,178.77,135.19,164.58,160.12,164.84,151.86,165.6,157.73,173.69,152.72,173.35,143.91,173.64,147.63,170.81,150.81,172.03,152.06,178.09,142.18,174.12,143.22,181.94,141.91,188.14,131.21,182.06,134.11,178.75,137.73,169.88,150.74,161,161,155.89,161.35,161.01,161.37,172.74,181.91,180.91,193.89,171.91,167.91,171.2,152.29,166.19,150.17,159.59,136.51,141.48,121.48,140.64,113.53,136.5,102.03,133.23,93.204,131.5,93.002,127.53,89.104,133.41,85.008,179.09,99.999,192.67,101.01,190.72,98.017,182.59,128.1,163,138.01,161.21,121.09,170.53,102
186.66,242,190.53,246,190.59,238.11,204.03,216,210.75,213.3,232.64,242.34,234.16,241.84,214,241,231.87,250.17,236.23,256.72,231.17,262.78,214.24,263.71,171.95,240,180.23,234,171.84,229.13,170.37,223.65,207.43,187.58,178.53,200.87,210.33,221.8,220.39,235.5,213.55,238.88,129.13,206.85,134.23,167,134.24,133,59.162,143.92,152.54,135.91,136.56,121,138.46,117.46,147.27,115.97,62.447,134.56,69.324,137.68,132.69,103.91,93.374,143.55,141.51,174.09,136.25,167.79,131.06,150.97,131.12,152.83,141.08,160,97.595,211.09,117.82,249.15,150.75,255.11,157.54,228.03,140.14,236.07,133.73,242,162.92,239.94,152.67,208.96,137.04,205.01,145.32,200.03,153.32,177.29,150.18,186.12,146.79,191.74,153.06,194.07,158.67,189.99,184.57,164.58,198.77,166.97,212.27,211,205.17,218,160.82,187.86,194.51,190.09,181.3,196.99,179.53,193.9,176.12,145,188.7,132.26,175.4,163,172.44,160.37,174.94,163.93,182.94,158.98,182.73,150.66,179.97,156.9,175.03,160.85,174.98,162.67,182.2,152.22,177.9,153.53,186.01,151.97,192,141,185.99,143.98,181.95,148.14,175.18,160.14,166.38,170.48,161.06,171.19,168.19,170.24,183.37,185,191.75,196,180.7,174.97,177.98,160.98,175.27,155.04,168.57,142.59,150.55,128.65,149.6,120.59,145.7,108.8,143.46,97.36,141.98,96.986,138.59,88.899,144.48,84.973,189.81,102.03,203.41,102.39,201.51,97,193.26,125.75,173.73,135,172.44,123,181.69,103.9
198.8,242,201.79,244.16,201.8,240,215.3,216.73,219.79,206.04,241.34,234.59,242.11,232.89,223.09,233.98,241.45,244.57,245.42,249.99,240.38,256.51,223.31,257.59,183.08,237.94,192.17,234,183.79,229,180.73,219.92,217.03,183.99,188.74,197.11,219.3,214.61,230.23,229.94,224.15,235.88,138.88,201.08,144.43,165.03,144.78,133,69.087,139.02,162.62,135,147.05,121,148.2,119,157.28,117,71.38,126.65,78.231,129.77,142.41,104,102.36,136.77,151.54,171.91,145.97,165.02,140.34,146.97,139.68,147.03,151.63,159.11,109.7,211,128.75,246.95,160.89,250.96,168.53,230,151.22,238.09,145.58,242.59,174.53,241.03,162.41,214.11,145.68,212.65,154.87,204.91,164.18,179.14,160.23,190.29,156.92,195.97,163.03,199.02,168.16,196.08,193.31,172.31,207.35,175.03,223.58,211,215.97,219,170.45,193.01,203.88,194.92,191.79,200.81,190.27,196.95,187.2,143.83,199.46,130.9,186.19,166.15,179.23,169.22,182.93,171.94,189.93,167.94,189.9,159.81,183,167.45,176.01,172.29,176,174.24,184.93,162.88,182.52,163.54,190,161.99,197.31,150.31,191.4,153.37,186.12,158.22,181.26,169.26,174.06,179.07,168.22,180.23,177.94,174.97,194.3,182.79,202.77,194.29,191.12,178,186.97,166.98,185.63,157.01,178.65,145.98,159.98,134.97,158.08,129.08,154.88,115.88,152.66,103.94,152.34,101.3,148.83,92.782,155.53,86.967,200.98,102.99,213.71,102.73,212.79,97,203.34,122,184.51,132.09,183.65,125,192.35,106.93
209.72,239.37,211.42,238.55,213.52,239.14,225.37,212.61,228.95,199.05,250.36,227.62,250.02,223.94,232.56,228.01,251.04,239.01,254.85,244.03,249.96,251.05,232.71,252.24,194.35,236.07,204.12,234,195.33,227.96,191.26,216.77,226.06,178.93,198.92,193.06,229.31,209.88,240.21,224.95,234.99,233,149.25,196.96,154.76,163.21,154.56,131.43,79.361,134.87,172.27,132.89,157.05,121.99,157.68,121,167.28,117.97,80.845,120.21,87.344,122.55,152.59,104.98,111.59,131.1,162.03,171.01,155.99,163,149.95,144.03,148.13,140.97,161.73,157.02,121.81,211,138.88,243.08,171.03,246.98,180.01,231,162.78,239,157.51,243,185.72,243.06,172.65,217.68,154.85,218.81,164.5,209.59,174.57,181.98,170.5,194.1,166.83,200.85,172.96,203.98,177.67,201.96,202.04,180.04,215.96,182.96,234.28,212.24,227.26,219,180.37,197.34,213.7,198.63,202.42,204.38,200.7,200.71,198.33,143.3,209.9,133.01,196.45,170.44,185.31,178.3,189.92,180.94,196.05,177.24,194.12,170.15,184.67,178.65,176.12,184.15,177.55,185.55,189.04,173.09,188.04,173.19,197.68,170.68,205.57,158.55,199.98,160.97,194.59,166.71,190.12,176.06,183.67,183.87,177.81,185.87,188.97,177,203.26,175.74,211.89,188.11,202.3,176.74,197.57,169,195.51,154,189.82,145.02,169.31,141.39,167.14,136.06,164.01,123.01,162.09,110.11,162.1,107.03,158.84,97.053,166.13,90.04,211.73,104.9,224,103,224.07,97,214.43,120.58,195.15,128.88,194.88,126.99,203.03,109.99
218.04,231.93,217.81,229.21,222.08,231.92,231.56,203.36,235.38,189.7,256.63,218.37,255.09,213.88,241.53,220.56,260.09,231.9,262.99,235.44,257.96,243.08,242.1,246.88,205.57,233.97,215.71,233.26,206.4,227.99,202.08,214.03,234.31,171.69,209.99,191,239.94,206.99,250.46,220.67,246.22,231.04,160.08,193.94,164.88,161.06,164.39,130.09,90.498,133.01,181.89,131.08,167.06,121,168.16,121.01,177.28,119,90.34,114,96.772,116.12,162.77,105.99,121.13,125.96,172.07,168.96,166.98,163,159.67,141.11,156.96,136.01,172.79,157,133.3,209.73,148.59,238.05,180.89,242.02,191.49,229.99,174.82,239.08,169.17,242.03,197.58,242.41,183.34,220.32,164.58,223.5,174.6,213.08,185.36,183.99,180.89,196.94,177.27,204.24,182.89,208.91,187.69,206.62,210.76,187.78,224.65,190.65,245.23,213,238.56,219,190.37,201.35,223.21,203.11,212.68,208.78,211.34,204.13,208.49,146.46,219.8,136.01,206.67,174.89,192.03,187.15,195.39,190.51,200.24,187.19,197.66,180.63,186.88,189.49,178.91,194.71,181.65,195.69,195.38,182.38,196.25,181.21,206.87,176.92,215.21,162.98,209.92,165.01,204.62,171.08,200.52,179,195.03,185,189.38,187.08,199.63,174.35,211.01,166.99,218.98,179.3,211.94,172.02,208.16,166.88,204.4,148.57,199.41,140.48,179.78,145.04,176.69,141.59,173.17,130.07,171.16,117.19,171.79,112.97,168.58,101.98,176.26,94.046,222.44,107.02,233.91,102,235.35,97,225.46,119,205.91,126,207.08,127,213.48,113.57
222,221.57,218.04,218.15,226.99,221.94,232.34,193.34,236.53,178.52,257.99,207.07,255.31,202.35,246.1,210.53,265.7,222.32,268.11,225.59,260,232.11,248.95,238.04,215.87,230.03,225.2,227.76,216.99,225,211.97,209.02,242.02,163.61,221.13,189,250.24,202.95,260.09,214.88,256.99,228,170.97,191,174.16,156.88,173.53,127.01,101.19,130.03,191.42,129,177.54,121,177.66,122.98,186.83,120.99,100.77,110.18,106.36,109.97,172.99,106.99,131.05,121.97,183.03,169,177.06,161,169.35,137.87,166.17,131.88,183.85,156.99,145.07,209.01,157.97,232.04,190.2,235.74,202.94,229.03,185.39,236.11,179.6,238.41,209.05,241.01,195,221,174.81,226.96,185.38,215.01,196.64,185.03,191.41,199.96,187.71,207.74,193.54,211.87,197.74,210.96,220.05,194.02,233.48,198,255.55,215.01,248.86,221,200.48,205,233.22,206.15,223.36,212.13,221.96,206.98,218.86,148.92,228.98,140.99,216.5,180.53,198.22,196.17,200.99,199.98,205,197,200.49,191.47,191.42,199.44,185.02,204.02,190.17,204.21,204.37,189.46,206.16,185.99,217.8,179,226.39,164,221.68,165.11,216.42,170.6,211.55,177.47,205.03,181.01,199.65,183.09,209.09,168.88,218,158,224.94,170.09,220.79,165.18,217.35,161.55,212.63,141.33,208.55,134.55,190.95,145,187.13,145,183.45,133.88,180.78,122.79,181.64,118.56,177.99,107.99,186.05,99.027,233.64,107.99,245.31,102.07,246.63,97,236.26,116.99,217.12,124.02,219.29,127,224.02,117.01
220.24,210.26,214,208,224.06,211.09,228.99,182.98,231.99,168.42,253.03,197.35,248.87,192.86,245.02,198.95,265.61,210.61,267.02,214.04,258.79,220.77,251,227.22,223.76,221.21,233.95,220.1,226.01,217.99,220.63,202.31,248.01,154.94,231.5,185.38,259.58,196.52,268.31,206.73,266.91,223.03,181.35,186.86,183.1,151.86,182.27,122.99,112.85,129,200.68,126.29,188.03,121,188.14,123,196.4,123.12,111.97,107.99,116.66,106.03,183.13,107.98,141.46,119.09,194.02,169,188.09,161,179.48,136.12,175.31,127.72,193.94,159,156.7,208,166.96,225.04,199.31,228.69,213.46,225.87,195.53,232.13,189.68,234.04,219.8,238.14,206.99,221,185.22,230.1,197.15,215,207.89,185.94,202.38,202.1,199.23,208.95,204.26,214.99,208.31,214.25,229.33,200.23,242.43,205.01,265.87,217,260.15,221,210.57,208.99,242.91,209.95,233.69,216.1,232.71,209.9,228.26,154.15,238.15,146.08,226.38,185.89,204.3,205.23,205.99,209.69,210.52,206.49,205.38,201.51,199.19,208.18,194.31,210.22,200.04,209.02,214.82,192.85,217.78,187,229.23,177.98,237.58,163.02,232.35,162.68,226.62,167.04,221.47,173.63,214.17,174.8,209.1,176.95,218.4,162.99,225.02,148.98,230.09,160.52,228.4,156.6,226.45,155.65,219.89,133.11,217,127,201.62,142.03,198.62,144.13,195.13,135,191.3,125.97,192.25,122.21,187.76,113.05,196.14,103.11,244.85,109,255.77,99.958,257.9,97.055,247.06,115,227.87,120.98,231.49,127.01,235.12,119.01
216.06,200.1,211.13,197.39,219.06,201.13,223.46,173.56,224.46,159.46,245.53,188.53,239.53,185.99,240.86,188.81,261.93,200.22,262.93,203.88,254.75,210.73,249.99,215.98,230.21,211.83,239.36,210.51,233.03,208.94,227.79,193.18,251.86,145.5,240.9,179.03,265.88,187.09,272.59,196.41,275.09,214.87,191.38,182.01,191.77,146.03,190.96,119.02,124.5,128,209.72,123.24,198.04,120,198.62,123,206.57,123.61,122.51,104.48,127.39,103.09,193.31,109,152.3,117,205,169,198.62,160.03,189.17,132.92,184.47,123.57,204.65,159.7,168.33,209.01,175.7,217.32,208.12,220.88,223.93,222.99,205.34,226.96,199.16,227.97,230.04,233.94,218.33,219.69,196.38,231.36,208.92,215,219.18,187,213.81,202.92,210.41,211,214.98,218,219.11,216.98,238.75,205.99,251.59,211.5,276.24,218.97,270.95,222,220.56,212.99,252.99,212.99,244.32,219.29,242.94,213.97,236.98,160.98,246.72,152.67,236.03,192.01,210.3,214.41,214.23,218.23,218.93,214.97,213.35,210.33,208.62,214.12,204.47,214.1,211.11,211,226.51,193.51,228.88,185,240.14,175.92,248.27,160.91,242.6,159.41,236.79,163.05,230.68,168.03,223.3,168.62,218.13,169.83,227.5,156.5,233.52,140.51,235.83,151.27,237,149,235.12,148.86,226.34,124.55,225.44,119.43,211.08,135.9,208.31,138.81,205.98,132.02,203.38,126.08,204.18,123,198.55,115.56,206.39,107.1,256.05,108.01,265.53,96.496,268.15,94.875,257.88,113.06,239.04,118.97,243.21,126,245.88,121.91
212.63,189.59,209,186.25,214.1,191.13,218.91,163.7,217.37,150.31,237.84,179.75,230.25,179.13,235.16,179.28,258.07,190.05,258.03,194.07,249.24,201.2,246.78,205.74,234.39,201.59,243.94,200.69,238.63,199.39,233.43,183.47,256.04,136.12,248.74,170.25,270.05,176.91,273.99,184.86,281.53,205.46,201.04,175.99,200.26,139.73,200,116,136.16,129,219.16,121.05,208.36,119.66,209.09,123,216.42,124.99,134.05,103,138.65,101,203.49,110,163.63,115.92,215.98,169,209.16,161,199.35,130.97,194.23,120.82,215.06,161.05,179.97,210,184.94,211.01,217.2,213.81,234.9,220.99,215.46,222.99,208.73,222.23,240.3,229.75,229.33,217.69,207.44,233,220.69,215,230.94,187,224.8,205,222.08,212,225.75,221.06,230.5,218.5,248.05,212.06,260.55,218.46,286.61,221,281.76,222.99,230.44,217.42,262.29,218.09,254.53,223.54,253.18,218.16,245.77,167.76,255.38,159,246.06,197.08,218.91,221.89,222.97,225.97,229,219,223.07,215.98,220.11,215,215.9,212.96,222.22,208.91,237.81,193,239.5,182,249.5,170.37,258.12,156.93,252.76,156.1,246.55,158.01,240.15,162.92,232.68,163.04,227.22,162.76,236.96,151.02,242.74,134.21,243.4,142.59,245.61,141.4,244.16,142.91,234.37,116.63,234,112,220.21,128.8,217,131,215.92,127.1,214.53,123.88,216.47,123.09,209.38,117.97,217.3,109.27,266.5,105.49,275.19,92.862,278.06,91.959,267.75,109.05,249.83,115.99,254.92,124.99,256.5,124.97
210.03,178.7,209.59,174.42,211.13,180.44,215.99,153.27,211.65,140.71,230.08,171.06,220.52,173.39,230.39,169.29,253.17,180.22,252.93,184.29,242.97,191.97,242.89,195.83,237.16,190.81,247.59,190.41,242,188.99,237.98,173.46,259.42,126.49,254.36,160.61,270.53,165.53,271.03,174.08,284.01,194.48,210.25,168.7,208.72,133.32,208.69,111.9,148.29,129,228.29,117.9,218.05,118.01,219.56,122.89,225.95,127,146.3,103,150.38,100,213.67,111,175.42,116,226.97,169,220.18,161,209.35,128.68,203.92,118.03,224.83,163.86,190.65,212.97,194.27,204.85,226.36,206.98,245.9,219,225.68,219.29,218.33,216.57,250.22,224.83,240.51,215.87,218.81,233.99,231.52,213,242.7,187,235.77,207.05,233.74,213,236.97,223,242.38,219,257.52,217.64,269.47,225.47,296.93,223,292.08,225,240.41,221.43,271.98,221.99,264.76,227.79,263.11,223.14,254.01,176,264.55,164.09,256.12,202.08,227.67,228.76,233.33,229.31,240.95,219,234.8,217,230.81,212.15,225.35,207.54,232.28,204.64,248.56,190.43,249.5,177.49,258.81,164.23,267.93,153.02,262.6,151.89,256.24,152.81,249.99,159.01,242.48,158.56,236.26,155.65,246.94,147.04,253.21,131.04,252.77,136.92,255.34,137.11,253.17,136.95,242.65,109.42,243.06,105.99,229.38,121.72,226.01,123.99,225.4,120.98,225.15,120.91,227.53,120.47,220.91,117,228.52,111,276.4,101.51,284.54,88.447,287.92,89.008,277.19,103.75,260.11,111.94,266.15,123.03,267.64,127
210,166.56,211.72,163.32,210,168.69,215,141.86,208.18,130.22,225.02,161.37,211.51,165.51,225.1,159.64,248.97,170.09,248,174.48,236.95,182.61,236.82,186.69,240,180.01,249,179.16,244,177.95,241.11,162.67,264.58,117.54,257.99,150.27,269.07,154.09,265.37,164.31,283.07,182.78,219.03,160.67,217.46,127.67,217.73,109.12,160.43,129,237.89,115.98,228.04,117,229.38,124.36,235.45,128.97,158.05,104.01,162.6,100,223.85,112.02,187.22,116,237.46,167.99,231.21,161,219.15,126.05,214.04,116.01,234.3,167.1,201.25,215.92,203.97,200.01,235.34,199.66,256.92,217,236.12,215.92,228,211,259.8,219.1,251.51,213.91,230.18,235,242.88,212.1,253.97,186,247.7,207,245.41,213.99,247.73,226.09,253.54,221.1,267.38,222.38,278.66,231.71,307.25,224.97,303.37,225,250.22,226.11,281.49,226.51,275.28,231.25,273.4,227.3,263.09,182.04,274.38,167.35,266.57,205.98,237.45,233.11,244.06,232.04,251.94,217.04,246.06,215.02,240.11,205.88,234.13,199.97,241.87,199.03,258.95,187.03,259.43,172.62,267.73,157.26,278.14,149.99,272.92,149.06,266.44,149.09,260.27,155.96,253.04,156,246.23,150.96,257.84,145,263.7,129.88,263.6,135,266.19,135,263.18,133.84,251.91,105.01,253.26,102.9,237.92,113.08,234.5,115.5,234.71,114.34,234.97,116.02,237.48,115.39,232.29,115.74,240.57,110.97,286.32,97.717,294.22,84.831,298.23,86.988,286.86,99.043,269.73,106.23,276.54,119.41,279.76,127
211.9,155.38,216.55,153.37,212.12,157.42,216.01,130.45,207.92,118.19,222.02,150.88,204.05,156.41,221.13,149.48,245.02,159.94,244.1,164.25,231.15,173.23,231.03,177.53,241.98,168.8,249.94,167.71,244,165.92,243.03,151.47,269.62,108.51,260,139.15,266.99,142.99,258.17,155.15,279.01,172.51,225.74,151.25,226.13,121.91,226.9,106.07,172.09,128,247.65,114.32,238.53,117,239.56,125,245.01,131.01,169.81,103,174.82,100,233.56,114.09,199.03,116,247.96,167,242.23,161,228.83,122.94,224.13,114.03,244.39,168.91,211.6,219.65,214.04,195.98,244.56,193.04,268.41,216.01,246.82,212.98,238.22,206.96,269.76,214.2,262.52,212,241.04,237,254.07,211.01,265.71,186.1,258.69,209,257.07,215,258.39,229.03,265.65,221,277.14,227.18,288.45,236.44,317.62,227.01,314.44,225.43,260.7,228.89,290.69,231.79,285.74,235.05,283.02,233.01,272.15,188.06,284.3,170.28,277.44,209.1,248.17,235.01,255.53,233,261.98,213,256.56,211.43,249.15,198.89,242.76,192.15,251.46,193.52,270.01,185,269.78,168.95,278.37,154.65,288.34,151.11,284.08,150.06,277.49,147.03,271.53,154.99,263.6,156.62,257.35,148.99,268.5,147.62,273.64,134.57,274.08,138.02,276.34,138.45,273.9,134.03,262.7,104.03,264.59,103.63,247.26,106.66,242.99,107.01,243.81,107.18,244.82,111.02,247.33,109.71,242.53,112.02,251.65,108.97,296.19,94.06,304.78,83.024,308.57,85,296.38,93.863,279.18,99.969,286.73,115.21,291.4,125.98
217.03,145.51,225.46,145.63,216.68,147.35,219.86,120.42,211.29,107.62,220,139.88,200.04,146.06,218.97,138.35,243,148.84,240.04,154.05,227.98,162.8,226,167.99,244.02,157.56,252.14,156.83,244,153.89,245.05,140.25,276.07,99.933,262.69,128.36,266,131.41,251.73,145.69,274.44,162.36,232.06,141.68,235.1,116.96,236.9,105,183.74,126.97,258.07,114,248.55,118.09,249.54,126.03,254.35,133.32,181.57,102,186.56,101,243.22,115.93,210.34,114.99,258.46,166,253.25,161,238.67,120.31,234.23,112.03,254.01,171.99,221.73,223.79,224.48,193.03,254.34,187.78,279.89,215,257.41,209.89,248.42,202.9,279.59,208.99,273.53,210.1,252.6,237.61,264.88,209,277,185,270.63,209,269.22,215,269.58,230.89,277.76,221,287.26,231.11,298.17,241.22,328.44,227.99,324.98,227,270.69,233.1,300.49,235.52,296.53,238,292.96,237.98,281.19,194.06,295.34,170.92,289.73,209,259.9,235,267.51,233,272.44,210,267.17,207.91,258.66,193.32,252.41,186.98,262.31,191,281.07,187.02,281.59,169.59,289.5,155.03,298.15,155.17,293.24,156.03,287.44,151.43,281.34,159.3,273.02,162.05,267.75,152.67,276.94,154.69,279.9,143.87,281.2,146.25,283.74,145.81,283.5,138.42,272.16,108.03,273.91,108.91,257.69,102.93,252,100,253.5,101.53,254.62,106.02,257.47,105.12,252.63,108.03,262.69,107.11,306.41,90.893,315.23,82.902,319.29,86.23,306.25,89.813,288.83,94.229,296.62,110.03,302.56,124
224.42,136.48,235.37,140.68,224.52,138.38,227.36,111.64,217.71,98.288,221.38,128.61,197.01,135.17,218,126.74,242,137.25,237.99,142.99,226,151.77,222.08,158.11,247.09,146.87,255.51,146.5,245,142.35,247.01,129.04,284.05,91.983,266.05,117.76,266.96,119.78,247.11,135.62,269.08,152.59,238.01,131.99,244.78,113.93,246.96,104,194.63,124.36,268.44,114.42,258.55,119.03,259.53,126.99,263.53,136,193.55,101.44,198.2,102.16,252.47,119.14,221.15,115.02,268.96,165,263.77,161.91,249.15,119.03,244.81,111,263.6,175.11,232.25,227.18,235.47,190.9,264.13,182.84,291.37,214,268.49,207.87,259.04,200.01,289.08,202.99,284.1,206.97,263.76,239,276.65,209,287.79,183,281.62,211.01,280.89,216.02,279.94,234.96,289.4,222,297.76,233.91,308.24,245.18,338.86,229.88,335.79,228.05,280.81,236.84,310.03,239.99,306.85,241.9,303.2,242.19,290.39,199.51,305.8,173,301.06,207,271.62,235,279,234,283.61,208.37,278.87,207,269.04,189.98,263.39,185,273.88,192.04,290.65,192.61,291.52,174.39,299.13,160.14,306.71,162.64,299.52,164.62,294.68,159.76,288.46,167.35,279.12,171.26,275.03,161.07,281,164.77,280.09,154.88,283.98,156.79,287,156.08,288.88,147.64,279.1,115.19,279.97,117.94,269.36,104.03,262.99,97.998,264.41,99.002,265.25,103.03,268.3,102.03,263.18,104.86,273.78,105,318.09,90.999,324.8,86.9,328.54,90.642,316.69,87.018,298.48,88.538,306.41,104.6,313.49,121.52
234.38,131.64,246.66,139,234.24,132.69,236.42,104.98,226.56,90.423,224.04,117.95,197.05,122.94,220.03,115.64,244.01,126.15,239,131.44,225.98,140.8,220,147.39,252.03,136.95,259.59,136.42,246,130.81,248.97,117.83,293.11,86.959,269.9,107.56,269.98,109.04,243.99,124.83,263.9,142.67,244.5,122.5,254.98,112,257.34,103.68,205.58,122,277.75,114.95,267.63,122.07,269.05,129,272.54,139.12,205.1,100,210,103,261.79,121.81,232.48,116.1,279.45,166,274.32,162.99,259.21,116.82,255.88,111,273.13,178.08,242.47,230.88,247.44,191,274.57,179.41,302.84,213,279.69,206.28,270.11,197.91,299,198,294.72,204.22,275.12,240,288.42,209,299.06,182.01,293.56,211,292.55,217.01,291.14,237,301.03,223,308.32,236.92,318.54,248.55,349.57,230.9,346.4,229.38,291.48,239.47,319.44,244.57,317.65,244.89,312.85,247.91,299.74,204.78,316.2,175.01,312.41,204.99,282.39,232.89,290.49,235,294.89,207,290.1,207,280.35,189.34,274.88,185.93,283.75,196.74,296.94,201.9,298.8,182.81,306.37,168.33,310.01,172.72,302,175.25,298,170.15,291,177.91,280.01,182.59,279,171.3,280.02,175.17,276.95,165.39,281.04,167.14,284.36,166.64,290,158.77,283.97,124.25,283.07,128.15,279.15,109.18,273.48,98.895,275.69,100.76,276.86,104.01,280.07,103.05,274.3,103,285.35,106.13,328.28,94.179,333.44,93.466,336.37,97.362,328,88.001,308.43,83.611,316.48,99.996,324.37,119.11
245.21,129,257.87,140.9,245.68,130.97,246.91,102,237.12,86.989,231.04,108.96,201.36,112.61,224.38,105.51,248,116,242.05,120.77,228.89,130.15,220,135.62,257.71,127.29,265.82,127.18,248.16,119.81,252.6,107.32,302.91,84.004,275.95,98.05,274.9,99.137,243.99,112.59,260.95,131.91,252.48,113.54,265.69,111,267.07,104,216.5,119.39,287.84,116.03,276.78,124.84,279.04,129.99,281.56,142.01,216.86,101,221.51,104.52,270.65,125.68,243.79,117.05,289.95,167,284.38,165.03,269.65,115.33,266.94,111,282.39,181.95,252.7,235.01,259.42,191,285.5,176.99,314.81,213,291.12,205,281.34,195.99,308.89,192.97,305.17,201.02,286.49,241,299.8,209.84,310.34,181,305.5,211,304.68,216.89,302.33,239.02,312.18,224.98,318.62,240.62,328.82,251.95,359.91,233,356.61,231.63,301.64,242.96,328.73,249.77,327.95,249.02,323.13,251.96,309.09,210.04,326.62,177.07,323.77,203.01,294.06,232.96,301.66,236.68,306.83,206.92,301.26,209.22,291.12,192.04,284.91,189.97,291.84,204.75,299.63,212.65,303.01,192.91,310,178.61,311.06,183.89,300.01,186.09,296.53,181.47,289.05,188.69,277,193.01,278.01,181.93,277,185.64,269.7,174.3,274.73,176.24,278.99,176.02,286.99,169.01,284.01,135.53,281.83,139.21,285.54,118.56,282.9,104.9,285.42,106.34,286.49,109.52,289.75,108.96,285.35,105.02,295.5,110,336.76,101.76,340.05,102.05,342.12,106.17,337.97,91.989,319.83,81.963,326.86,96.112,335.51,116.97
256.61,130.61,268.06,145.02,256.91,131.01,258.54,102.55,248.78,86.025,240.4,102.86,209.29,103.64,232.96,97.015,255.74,107.15,247.77,111.24,234.4,120.59,221.43,124.59,266.58,119.4,274.59,119.52,253.7,110.23,258.25,97.64,313.47,82.51,284.8,90.238,282.73,90.298,247.09,101.8,260,120.2,261.98,107.01,276.59,111.6,277.13,105,227.13,116,297.91,116.95,285.53,128.57,288.39,132.36,290.23,146.1,228.72,101.78,232.52,107.1,279.33,130.21,254.41,119.4,299.95,168.97,294.42,166.92,279.62,113,277.51,111.9,291.44,186.43,263.24,238.16,270.91,192.01,297.1,176,326.19,214.16,303.18,205,293.47,196.03,319.1,188.92,316.16,199.03,298.34,241,310.99,211,322.1,181,316.47,213.01,315.88,218.94,313.35,241.34,323.34,226.92,328.97,243.98,338.83,255.91,370.23,235.01,366.84,233.86,312.08,246.06,337.73,255.71,338.69,251.89,333.36,256.26,317.85,216.83,336.19,181.05,335.11,201,304.85,233,312.03,240.02,317.24,210.21,311.51,213.41,300.87,196.97,292.97,197.87,296.65,214.62,297,223,302.26,203.71,308.96,190.06,307.94,194.09,294.49,195.43,290.24,190.75,283.14,197.88,270.82,202.16,274.64,192.39,270.33,194.68,260.63,181.24,265.81,183.1,271.11,183.88,280.98,178.02,281.11,145.33,278,149.01,288,129.47,289.17,114.22,291.83,115.7,293.62,118.55,297.01,118.03,295.11,110.05,303.64,117.72,343.06,110.75,344.01,111.65,346.08,115.58,346.85,98.85,331.04,84.001,338.48,95,346.76,115.2
267.13,134.08,277.03,152.15,267.21,135.05,268.78,106.08,259.08,90.035,251.35,101,219.46,99.002,243.17,93.011,265.89,102.96,256.84,104.2,243.13,112.86,227.53,115.46,276.53,114.46,284.34,114.72,261.5,101.5,267.25,89.941,324.06,81,294.94,86.002,292.38,84.691,253.66,92.444,262.01,108.98,272.03,101.98,287.1,113,286.71,107.07,238.53,114.47,307.53,118.9,294.05,133.02,297.55,134.87,299.28,149.04,239.93,104.01,243.53,109.53,287.6,135.62,265.29,121.28,309.49,172,304.34,169.3,290.77,113,287.62,114.03,300.06,192.02,273.13,242.96,281.93,194.01,308.71,177,337.28,215.99,315.23,205,305.07,197.05,329.4,184.87,327.18,197,310.2,241.01,321.82,213.02,333.86,181,328.4,212.92,326.41,222.4,324.18,244.15,334,230,339.02,248.01,348.83,259.9,380.55,237.03,376.7,236.72,322.15,250.08,346.59,261.98,349.1,255.98,343.26,261.24,326.32,224.39,345.46,185.56,347.42,201,316.08,234.04,321.27,246.32,326.77,215.69,319.59,221.66,308.65,205.66,298.36,207.41,298,226.03,292.95,233.11,298.95,214.25,305.7,200.31,302.68,203.45,286.93,204.07,282.29,198.81,274.78,206.03,262.45,210.55,269.01,201.98,262.38,202.62,251.39,187.53,256.51,188.63,261.98,190.01,272.45,185.43,276.01,154.37,271.96,158.03,285.93,140.63,292,124.92,294.02,126.83,296.03,129.52,301,128.46,302.12,119.1,309.98,126.97,346.9,120.62,346,122.12,348,125.9,353,107.99,341.84,86.97,350.47,95.455,357.8,116.91
275.43,141.52,284.22,161.2,276.3,142.36,278.03,112.01,268.99,94.996,263.31,100.93,230.78,97,254.28,91,276.98,101,266.9,99.986,252.89,108.07,235.85,107.15,287.52,111.87,294.9,112.05,270.6,94.524,276.83,84.121,334.4,83.025,305.58,83.138,302.27,81.983,262.1,85.012,266.25,98.805,282.9,99.052,297.33,115,296.28,108.99,249.95,113,316.68,121.88,302.23,138.25,306.67,137.74,308.25,152.17,250.8,106.83,253.73,113.74,295.94,140.98,275.57,124.57,318.98,175.01,313.99,171.99,301.92,113,297.52,116.49,308.91,196.98,283.25,247.23,292.64,196.65,320.21,178.17,348.17,218.14,326.32,207,316.2,199.16,340.53,183.11,338.68,196.01,321.1,243.05,332.17,216.08,344.76,182.79,339.37,215,337.25,225.19,334.99,247,344.65,233.1,349.13,252.06,358.6,264.62,390.87,238.94,386.44,239.92,332.57,253.12,355.13,269.16,359.35,260.29,352.93,266.91,335.12,231.16,354.5,191,358.76,203.04,326.37,237.13,330.3,253.29,335.7,222.71,326.84,230.72,313.01,215.65,300,218.52,295.93,237.14,285.16,241.85,293.16,223.73,300.06,209.7,295.97,212.21,278.61,212.4,272.98,205.01,265.75,212.26,253.83,218.19,261.93,211.06,253.45,209.57,242.69,195.31,247.29,194.72,253.14,196.87,263.82,192.24,269.99,163.04,265.93,167.05,282.82,151.22,292,135.93,294.97,138.51,296,140.65,302,140.28,306.03,129.3,312.01,137.96,349.01,131.35,346,133.54,346.53,136.47,357.69,117.68,351.02,94.009,360.96,99.015,368.51,119.96
283.33,150.32,289.06,171.11,284.55,150.46,286.98,118.94,277.11,103.1,273.55,104.59,242.59,98.005,265.88,92.04,289.05,101,277.98,98.015,263.58,105.4,245.33,102.01,299.13,111.1,306.38,111,280.09,88.951,287.43,83.067,344.8,85,316.25,79.999,312.93,79.015,272.62,81.35,273.38,89.618,294.24,97,307.12,118.07,305.28,112.27,261.6,112,325.39,126.06,309.89,144.95,315.2,142.15,316.58,157.01,261.3,110.29,263.94,117.95,304.02,147.02,285.3,129.04,328.34,178.31,323.77,174.71,312.71,113.74,307.84,117.93,317.57,202.48,293.17,251.96,302.94,200.01,330.66,181.68,358.85,220.88,337.6,208.62,326.44,202.87,351.72,181,349.71,196,332.93,243,342.96,218.01,355.45,185.13,350.55,216.56,347.77,228.71,345.68,249.96,354.86,236.9,359.2,256.09,368.41,269.36,400.83,241.86,395.9,243.95,343.06,256.03,363.82,275.9,369.75,263.89,362.85,271.95,343.93,237.91,362.95,197.95,369.73,205.79,335.84,241.93,337.03,262.4,341.94,231.95,331,241,316.08,226.19,300,230.45,293.91,248.12,277.39,250.62,286.86,233.13,294,218.99,289.99,221.27,271,221,264.23,212.78,256.91,219.02,246.04,226.76,254.08,219.85,245.03,217.97,234.98,204.05,238.66,202.34,244.55,204.48,255.32,199.68,264.98,172.09,260.68,176.41,277.03,160.79,290.05,146.92,293.13,149.67,294.11,151.84,301.01,152.1,308,140.33,313,149.52,348.03,141.55,343.99,144.02,344,146.56,359,128.82,358.87,102.89,370.89,103.96,378.81,123.96
288.98,159.96,292.06,181.72,290.19,160.23,293.9,127.91,284.04,112.3,282.83,110.84,252.95,101.97,276.54,95.13,299.61,103.9,288.61,98.98,275.35,105,256.61,100.97,309.97,113.98,317.37,113.13,291.62,87.993,297.76,78.998,355.12,87.035,327.88,80.995,323.57,81.984,283.74,79,282.74,82.914,306.56,97.002,316.78,121.07,313.72,116.97,273.25,113,333.38,132,316.13,152.11,323.11,148.12,324.65,162.64,271.5,114.53,273.89,122.93,310.82,154.84,295.18,133.13,337.54,181.86,333.12,178.1,322.84,115.87,317.49,121,325.89,208.87,303.07,257.03,313.04,204.02,340.81,186.05,369.23,223.99,348.08,212.05,336.5,207.47,363.86,180.93,361.21,197,344.31,241.96,353.31,221.03,365.72,188.09,361.75,217.89,358.22,232.2,356.27,253.24,365.53,239.87,369.25,260.2,378.21,273.95,411.04,244.03,405.54,247.64,353.65,258.68,372.85,281.83,379.81,268.75,372.25,278.32,352.44,245.44,371.29,205.26,379.72,210.94,344.65,248.76,342.07,272.12,346.72,241.69,333.91,251.78,315.99,238.18,298.38,241.6,291.1,258.87,270.33,259.63,280.51,242.48,289.21,228.75,285.18,230.77,264.87,230.1,256.47,221.52,249.1,226.91,239.05,235.62,248.49,229.5,238.07,226.9,230.14,213.82,232.5,211.49,237.64,213.29,247.11,207.89,260.62,181.41,255.97,185.91,270.03,169.92,285.96,157.08,290.01,160.42,289.97,162.06,297.99,163.02,308.07,152.34,311.24,160.73,345.09,151.89,340.99,154.02,339.22,155.68,357.95,140.08,365.09,112.37,379.81,111.81,388.54,129.42
294.55,169.66,294,192.88,295.11,170.22,300.12,137.09,288.95,122.21,291.33,119.27,262.59,107.98,286.35,100.09,309.37,109.26,299.45,101.47,287.31,104.93,267.41,98.992,320.24,118.29,327.87,116,303.16,87,309,80.999,364.75,90.658,339.01,82.999,334.17,85.138,295.03,81.013,293.43,80.083,317.91,98.998,325.73,125.96,321.5,123.5,285.39,113.02,341.29,138.29,322.07,160.07,330.77,154.8,332.33,169.33,281.34,119.93,283.86,127.9,316.89,162.9,304.8,137.98,346.2,187.24,342.35,182.13,332.92,117.97,327.09,124.06,334.28,215.18,313.5,260.52,323.09,208.06,350.4,191.51,379.56,227.54,358.75,214.81,346.53,212,375.06,183,372.8,197.84,355.2,242,364.05,223.04,375.73,191.74,372.73,220.01,368.99,234.99,366.72,256.78,375.8,243.96,379.32,264.31,388.18,278.16,420.98,246.99,415.7,249.88,364.37,261.34,381.76,287.94,389.79,273.75,381.97,283.99,360.71,253.68,377.85,213.87,389.27,217.28,353.26,256.26,345.95,282.16,349.03,252.52,336.04,263.06,313.91,249.22,298,253.35,289.92,270.36,266.03,269.65,275.64,252.41,285.04,238.71,280.91,240.5,261,240.04,251.89,231.44,243.01,235.98,235.03,245.63,244.34,239.61,233.29,236.61,228,224.75,229.12,221.68,233,223.01,241.08,216.88,257.01,191.05,253.02,196.13,265.07,179.83,281.1,166.82,286.22,170.75,285.84,172.25,294.38,173.57,305.04,162.93,307.87,171.16,341.98,162.04,337.13,163.57,334.21,164.74,354.73,150.28,368.96,122.66,387.01,120.96,397.79,135.97
300.22,179.26,295.99,203.99,297.93,180.88,305.58,146.57,293.98,132.1,298.32,128.27,271.59,115.7,295.85,105.97,318.11,117.11,309.42,106.05,297.43,109.14,278.68,100,329.94,123.94,337.36,121.47,315.19,86.997,319.29,84.97,373.52,96.423,348.86,87.941,344.67,88.716,304.97,84.016,305.11,79.08,328.62,102.54,334.3,132.19,328.04,131.3,296.38,115.37,348.03,146.03,328,168,336.73,162.72,339.74,176.74,290.97,125.97,293.51,133.64,322.97,170.93,313.99,143.99,354.81,192.77,351.15,187.02,341.83,122.87,335.62,129.75,342.04,223.04,323.61,264.89,333.17,211.94,360.08,197.05,389.63,231.55,369.25,217.97,356.55,216.56,386.24,184.97,383.82,199.85,366.57,241.02,374.6,225.62,385.67,195.6,383.7,222.01,379.5,238.48,377,261,385.68,248.77,388.82,269.89,398.29,282.2,431.29,248.94,425.14,254.05,374.54,265.12,390.78,293.83,399.5,279.5,391.12,291.11,369.21,261.21,383.95,222.59,398.5,224.52,360.82,264.81,350.15,292.2,351,263.51,336,275.26,312.9,260.71,299.02,264.79,292.03,281.45,264,280.73,271.93,262.68,281.91,249.21,277.95,250.75,260,251.33,250,242.44,239.81,246.23,231.97,256.06,242.11,250.58,232.06,247.89,228.5,236.5,228,233.02,229.89,233.39,236.88,226.57,255,201.35,252,207.31,258.97,189.35,276.02,176.57,282.03,180.96,279.4,181.5,289.32,183.56,302,173.47,302.99,181.04,337.36,171.62,332.95,173.08,330.04,174.1,350.03,159.94,372.01,133.39,391.92,130.9,405.65,144.71
306.62,188.6,300.05,214.23,302.15,191.24,311.97,155.71,299.69,141.75,304.54,137.55,280.59,123.6,304.43,114.43,326.65,125.65,318.62,112.64,307.65,112.69,290.45,100.03,339.1,131.03,346.91,126.98,325.83,89.862,330.39,87.361,381.71,103.71,358.58,93.491,354.06,95.061,314.95,88.985,315.48,83.005,338.32,108.38,342.16,140.16,334.03,139.26,306.78,119.08,354.76,153.8,333.97,175.94,343.4,170.39,347.16,184.17,300.48,132.37,303.34,139.23,328.32,179.24,322.87,150.85,361.8,200.83,359.97,191.99,350.74,127.91,344.29,135.32,348.02,231.54,333.47,270.13,343.22,215.94,369.19,204.04,399.5,235.86,379.36,222.33,366.8,220.75,396.96,187.98,394.75,202.01,378.42,241.02,384.8,228.83,395.85,198.96,395.1,223.07,390.28,241.25,387.67,263.89,396.2,252.18,398.93,273.96,408.47,285.91,441.1,252.08,434.96,256.98,384.97,268,399.81,299.75,409.23,285.19,400.31,298.21,377.74,268.71,389.55,231.53,406.52,233.43,368.37,273.37,355,301.99,354,274.04,338.09,286.52,314,272.24,301.46,275.55,296.43,291.51,265.91,291.89,272,274.77,283.03,260.62,279.01,261.93,262.08,262.16,251,253.96,238,257.11,233.96,266.94,241,262.2,232,258.84,233.02,246.42,229.92,243.84,231.03,244.67,236,237.67,254,212.14,252.67,218.65,254.88,199.57,271.52,186.51,278.09,191.26,274.56,191.45,283.87,193.51,298.02,183.61,298.12,190.91,332.03,180.94,329.19,182.77,327,183.96,344.67,169.35,372.11,145.56,394,142.05,412.03,154.04
313.71,197.75,304.98,224.09,307.89,200.92,319.41,164.51,307.57,150.58,311.55,146.53,289.8,130.82,313.25,122.24,335.5,133.4,327.41,120.44,317.26,118.01,300.75,103.08,348.22,138.22,355.9,133.88,336.23,93.15,340.06,93.028,389.75,111.64,367.61,100.63,361.9,103.89,324.39,95.469,326.52,85.518,346.83,115.86,350.07,148.07,340.04,147.25,316.77,123.73,362.03,161.34,339.13,184.21,350.02,178.08,353.85,191.84,309.38,140.3,312.03,147.25,333.62,187.59,330.74,158.73,368.85,208.84,368.53,197.55,359.2,134.21,352.13,143.13,354.01,240.02,343.2,275.27,352.68,221.7,377.51,211.48,409.14,241.16,389.18,227.23,376.43,226.4,407.45,191.54,405.21,205.17,389.3,242.93,394.7,232.74,405.84,202.79,405.75,225.79,400.72,244.75,397.63,268.74,406.08,257.1,408.25,280.01,418.38,290.35,450.44,256.39,444.8,259.95,395.37,271.31,409.02,305.03,418.61,291.71,409.15,306.15,386.25,276.25,393.94,240.89,412.97,242.97,375.98,281.91,360.53,311.53,358.07,284.11,342.03,296.89,316.95,282.8,307.01,285.01,304.99,299.99,270.69,301.75,273.91,285.85,287.08,270.65,281.44,272.46,266.05,272.05,255.81,263.77,240.58,267.58,237.98,276.88,243.91,272.86,234.92,269.35,239.59,255.57,235.32,253.29,234.98,254.58,237.52,248.52,255.64,222.63,255.96,228.72,254,211.21,268.85,197.19,275.01,201.99,269.99,201.43,279.98,203.9,293.9,193.7,293.02,200.65,328.04,190.74,328,193.6,326,194.76,340,179,370.09,156.77,394,154.25,416.94,163.9
321.58,206.58,311.44,233.41,315.08,210.07,327.87,172.87,316.21,159.04,320,154.99,299.31,137.27,322.06,130.07,343.98,141.98,336.22,128.22,326.99,123,311.01,106.01,357.14,146.07,364.46,142.01,345.28,100.1,348.92,100.91,396.2,120.2,376.2,109.17,368.99,112.99,333.57,102.67,336.19,91.229,354.86,124.77,358.3,155.2,344.91,155.61,325.86,130.86,368.26,169.26,345.08,192.16,356.01,186.02,360.53,199.52,315.85,149.73,318.99,156.48,338.25,196.19,337.58,167.65,375.88,216.87,377.16,203.09,367.62,140.62,359.96,150.96,359.58,248.67,352.54,281.64,361.95,227.94,385.02,220.41,418.56,246.99,398.72,232.97,385.72,232.97,416.86,197.93,414.45,211.48,399.68,245.91,404.16,238.07,415.24,208.03,416.41,228.39,410.88,248.92,408.21,272.19,415.75,262.67,417.61,285.95,428.36,294.37,459.61,261.08,454.29,263.99,405.53,274.91,418.29,310.26,428.37,297.38,418.03,314.01,394.76,283.76,398.33,250.27,418.94,252.64,384.21,290.21,367.54,320.51,362.84,293.86,347.63,306.61,323.13,292.13,315.61,292.95,314.8,304.9,279.29,310.01,280.22,295.22,293.71,279.71,286.75,281.77,273.64,280.64,263.54,272.54,245.15,277.27,246.27,285.28,248.97,282.68,241.47,278.47,248.44,262.99,243.67,261.67,241.56,263.57,241.28,258.33,258.98,232.27,261.06,238.12,254.02,223.36,267,208.31,273,213.2,267.01,212.1,277.15,214.81,290.86,204.17,289.1,210.8,325,201.01,328,205.01,328.06,205.1,338,189.77,368,167.99,392.33,165.64,420.03,174.61
330.15,215.18,319.97,241.99,323.98,217.99,336.29,181.28,325.02,167.02,328.01,163,309.06,142.98,330.88,137.88,352.73,149.83,344.75,136.75,335.93,129.97,320.55,110.99,365.72,154.72,373.05,150.05,355.32,104.29,358.05,108.06,403.39,128.51,384.01,118.01,376.09,122.08,343.11,109.05,345.67,97.606,360.59,134.59,366.58,161.99,350.65,163.73,334.44,139.44,375,177,351.04,200.1,363.42,193.41,367.23,207.19,322.06,159.32,325.83,165.72,342.87,204.77,344.53,176.44,382.19,225.14,385.41,209.49,376.03,147.03,367.02,159.06,365.17,257.28,361.69,288.68,370.68,235.68,390.89,229.92,427.13,255.13,407.59,240.56,394.58,240.68,426.02,205.02,423.2,219.2,409.27,250.92,413.28,244.18,424.02,215.01,426.75,231.8,420.76,253.93,418.19,277.13,425.07,269.08,426.71,292.71,438.14,299.11,469.08,265.03,463.76,267.95,415.19,280.07,427.56,315.47,437.78,303.98,427.19,321.17,403.28,291.28,404.04,259.21,424.43,262.56,392.5,298.5,376.36,327.91,369.83,302.83,356.57,314.49,331.85,299.91,325.28,298.09,325.39,307.97,289.06,315.04,288.72,303.82,302.65,286.68,293.5,290.59,281.97,288.97,272.54,279.56,252.71,285.82,255.45,291.43,257.28,291.35,249.89,286.88,258.19,268.09,252.39,269,250.16,271.17,248.03,267.03,264.03,241.36,268.58,246.59,257.97,233.63,268.04,219.83,273.99,224.88,267,224.19,277,226.99,289,215.29,287,221.88,324.53,212.47,329.9,215.45,330.93,214.86,338,201.56,365.99,179.2,390.99,177.19,423.1,185.27
339.28,222.29,329.64,247.56,333.67,223.71,345.3,188.06,334.47,173.34,336.99,169.99,319.07,148.04,339.7,145.69,361.85,156.84,353.29,145.27,345.28,136.06,330.08,115.98,374.59,162.6,381.75,157.77,364.56,110.63,367.27,115.04,409.19,137.23,391.84,126.84,383.91,130.92,353.05,114.04,355.31,103.38,367.81,143.84,375.17,168.1,356.71,171.61,343.03,148.03,381,185,357.97,207.66,370.09,201.09,373.89,214.89,328.75,168.61,330.96,175.66,347.38,213.47,350.69,185.56,388.5,233.42,394.05,215.03,384.4,153.48,373.42,167.39,370.07,266.15,371.04,295.06,379.15,244.15,397.01,239.33,434.89,263.81,416.37,248.37,403.48,248.48,433.1,214.18,430.94,227.95,418.88,255.98,422.11,251.06,432.61,222.6,436.83,235.88,430.54,259.41,428.12,282.09,434.16,276.18,435.61,299.98,447.31,305.38,478.13,270.09,473.15,271.95,425.23,284.05,436.46,321.52,447.04,311.02,436.64,327.56,412.1,298.05,410,268,431.69,271.75,401.06,306.06,385.73,333.94,378.38,311.02,366.26,320.22,341.7,304.71,335.73,301.06,336.96,309,299.61,318.08,298.34,309.42,312.13,292.17,302.06,298.06,290.81,295.83,282.49,284,261.82,291.95,265.59,295.04,267.24,296.19,259.48,292,268.51,271.51,261.98,274,259.4,277.1,256.44,274.55,270.77,249.77,277.41,253.31,264.08,243.15,272.01,230.01,278.05,235.23,269.2,235.26,279.9,237.81,290,226.83,287.97,233.44,325.02,223.42,333,225.44,335.17,224.21,339.99,212.38,365.99,191.39,390,188.91,424.92,196.41
348.7,228.64,338.96,253.95,343.35,229.45,354.16,195.16,343.81,179.75,346.29,176.2,328.36,155.03,348.76,152.77,370.39,165.38,361.36,153.32,354.2,143.2,339.38,121.5,382.43,171.53,390.03,166.27,374.15,116.15,376.33,122.36,414.98,145.96,400.73,134.61,391.75,139.74,363.06,119.04,365.56,107.56,375.78,152.82,383.42,175.01,362.7,179.59,350.88,156.88,387.8,192.69,364.38,215.48,376.76,208.76,381.3,222.32,334.38,178.4,336.12,185.63,352.02,222.06,356.03,195.06,394.02,242.04,402.63,220.62,392.82,159.89,381.23,175.23,375.9,274.64,380.19,302.03,387.62,252.62,402.85,248.87,441.85,272.84,425.14,256.17,412.05,257.06,440.02,223.34,437.96,236.92,428.05,262.07,430.94,257.93,439.4,231.5,446.85,239.96,439.82,265.88,437.72,287.99,443.24,283.29,444.46,307.43,456.56,311.59,487.42,274.43,482.69,275.75,434.93,288.96,446.01,326,455.94,318.94,446.02,334.01,420.8,305.05,417.32,276.32,440.42,280.43,409.56,313.66,395.45,339.01,387.36,318.03,376.25,325.2,352.39,307.37,346.68,302.98,349.01,309,310.27,320.95,308.37,314.03,321.88,297.02,310.56,305.59,299.69,302.68,292.23,289.12,271.3,297.04,276.31,297.29,277.35,300.32,269.38,296.33,278.84,274.96,271.57,278.99,269.26,281.21,265.49,280.49,278.01,258.01,286.12,260.14,272.71,251.68,277.5,239.61,283.09,245.12,274.1,245.08,284.97,247.84,291.91,237.82,291.04,244.07,327.06,234.09,336.99,234.99,340.97,232.92,343.46,222.5,368.03,202.59,390,201.11,428.05,207.09
357.51,236.52,348.05,261.02,353.12,235.06,362.62,203.52,353.14,186.17,355.29,183.19,337.48,162.48,357.32,161.32,378.18,174.18,368.42,162.39,362.19,151.19,348.29,128.29,388.95,180.87,397.03,175.24,383.24,123.14,383.49,131.49,419.14,155.38,407.03,144.02,398.83,148.85,372.67,124.94,375.5,112.54,383.82,161.72,391.49,182.49,367.97,187.86,358.72,165.72,393.01,201.03,371.11,223.1,383.47,216.39,387.99,229.99,341.62,187.52,340.73,195.64,357.04,230.5,362.94,203.88,400.04,250.42,411.28,226.02,401.46,165.58,389.06,183.05,382.08,283.07,389.75,307.8,396.09,261.09,409.95,257.9,450.3,281.3,434.19,263.23,421.15,264.18,446.61,232.65,444.95,245.95,437.5,267.51,439.81,264.77,446.24,240.34,456.53,244.87,449.76,270.8,447.24,294.11,452.12,291.02,452.43,315.44,465.49,318.58,496.66,279.08,492.44,279.01,444.93,293.02,455.82,329.84,465.17,326.09,455.56,339.98,430.22,310.11,425.38,284.38,449.39,288.39,418.58,319.99,405.4,343.38,396.75,323.79,386.23,330.11,363.14,310.07,357.65,304.97,360.58,309.98,321.33,322.93,318.64,317.87,331.98,300.97,319.11,313.03,308.82,308.76,302.33,292.89,281.12,300.96,286.85,300.03,287.63,303.86,279.51,300.13,288.89,279.04,281.31,283.39,279.24,285.18,274.72,285.81,285.98,265.99,295.17,266.18,282.11,258.05,285.3,248.3,290.23,254.23,280.48,254.4,292.03,257.14,295.97,247.92,294.43,254.5,331.7,243.61,342.06,244.17,346.71,241.72,348.06,232.16,371.04,213.31,391.02,212.83,429.95,218.25
366.64,243.63,357.46,267.34,362.25,242.28,370.25,212.25,362.6,192.48,364.28,190.18,346.74,169.66,365.87,169.87,385.98,182.98,376.21,171.18,370.91,158.91,356.61,136.61,395.05,190.4,403.36,184.49,391.95,130.95,390.68,140.58,422.86,164.8,413.41,153.34,405.15,158.26,381.94,131.93,384.95,118.95,390.22,171.33,399.68,189.65,374.58,195.64,366.53,174.61,398.26,209.29,377.02,231.06,388.59,224.69,394.67,237.68,348.02,197.05,344.98,205.91,361.98,238.96,368.27,213.38,406.04,258.83,419.75,231.84,410.27,171.03,396.15,191.15,387.99,291.58,399.67,312.7,405.1,268.02,417.74,266.74,458.76,289.76,443.73,268.95,430.73,270.07,453.97,241.67,453.42,254.42,447.19,272.24,448.88,270.92,453.86,248.87,466.63,248.89,459.65,275.75,457.18,299.05,462,296,461.48,322.39,474.71,324.82,506.5,281.9,502.33,282.13,455.42,295.92,465.91,332.99,474.05,334.06,465.84,343.91,439.64,315.11,433.69,291.7,458.67,295.57,427.72,325.82,416.06,346.04,406.61,328.52,396.63,333.66,374.64,311.03,368.61,306.98,372.64,310,332.4,324.99,328.89,322.02,341.73,305.74,328.16,319.06,318.25,314.05,312.32,297.3,290.96,304.98,297.71,301.9,297.86,307.91,289.98,302.99,299.03,283.02,291.11,288.04,288.84,289.88,284.44,289.91,294.54,272.44,303.95,272.94,291.63,264.09,294.06,256.05,298.83,262.83,288.26,263.26,300.07,266.07,301.51,257.5,300.97,263.71,335.92,253.37,347.25,253.29,353.22,250.22,352.97,241.72,375.11,223.64,393.02,224.03,433.68,228.67
375.76,250.73,366.65,273.94,371.61,248.95,378.93,219.93,371.93,198.91,373.22,197.23,356.17,176.18,374.68,177.68,394.8,190.76,383.99,179.99,379.38,167.38,364.93,144.93,400.97,199.95,410.43,193.35,400.5,139.41,396.32,150.27,426.93,174.19,419,163,410.93,167.77,391.17,139.09,394.12,126.11,396.77,180.8,408.15,196.08,380.63,203.56,374.42,183.42,402.04,218.07,381.47,239.58,392.34,233.34,400.69,245.55,356.67,205.7,350.64,215.62,366.07,247.76,374.52,222.4,410.98,267.61,428.68,236.63,419.19,176.12,403.98,198.98,394.03,300.06,409.79,316.96,414.57,273.66,425.57,275.54,467.3,298.03,453.55,273.91,440.71,274.72,462.65,249.57,461.9,262.9,457.31,276.04,458.39,276.02,462.18,257.18,476.48,253.49,470.2,279.18,467.63,302.65,471.63,301.63,470.37,329.48,484.33,330,515.94,285.96,512.15,285.04,465.91,299.01,476.34,335.31,483.71,339.97,476.42,347.43,449.42,318.89,442.38,298.03,468.13,302.09,437.47,330.33,426.64,349.07,416.07,334.09,407.17,336.99,386.15,311.97,380.02,308.01,384.7,310,343.94,326,339.57,324.97,351.73,309.74,337.69,323.74,328.12,318.08,322.33,301.41,300.78,309.04,308.1,305,308.47,311,300.88,305,309.11,287.04,301.29,291.26,298.76,293.78,294.12,294.09,303.01,279,312.98,278.97,301.66,268.66,303.08,263.05,307.43,271.44,297.07,271.07,309.04,274.04,307.79,266.82,308.57,272.55,341.53,262.64,353.09,262.17,359.98,258.63,358.92,250.93,379.7,233.66,395.99,234.85,436.47,239.45
385.12,257.15,376.13,280.06,380.85,255.92,387.34,228.34,381.6,204.52,382.53,203.45,365.52,182.99,383.23,186.23,403.32,199.32,392.52,188.52,387.79,175.88,373.25,153.25,406.59,209.66,416.69,202.56,408.22,148.23,403.48,159.39,430,184,423.04,173.2,415.97,177.65,400.05,147.05,402.75,134.75,403.09,190.39,415.28,204.29,385.07,212.15,382.02,192.36,404.45,227.43,386,248,395.37,242.38,404.35,254.35,364.61,214.61,357.08,225.07,370.13,256.58,379.85,231.88,416.3,276.23,436.71,243.71,427.55,182.57,410.34,207.33,400.38,308.4,420.02,321.01,424.49,278.35,434.33,283.4,475.95,305.95,463.61,278.53,451.23,278.14,471.2,258.2,470.93,269.88,467.51,279.49,467.94,280.97,470.76,264.75,486.55,257.57,481.33,281.31,478.65,304.98,481.74,305.79,479.95,334.97,494.01,335.02,525.02,291.01,521.57,289.02,476.25,302.22,486.6,337.89,493.29,346.17,487.4,349.92,458.87,323.91,451.11,304.14,477.6,308.63,446.66,336.08,437.63,351.03,425.6,339.59,417.93,339.96,397.19,313.98,391.02,310,396.27,311.02,355.49,327,350.7,327,361.98,313.01,347.38,328.24,338.01,322,332.82,304.77,311.06,312.04,318.97,307,319.15,314.07,311.88,306.91,319.11,291.15,311.35,295.03,309.46,295.9,303.84,298.03,311.78,284.72,321.69,285.79,311.78,272.96,312.55,268.69,316.4,279.02,306.2,278.1,318.32,281.21,315.57,275.57,317.4,280.29,346.95,271.88,359,271,366.19,267.29,365.03,260.08,384.65,243.62,398.87,245.61,438.89,250.36
394.72,262.97,385.44,286.44,390.44,262.01,395.02,237.02,390.91,210.96,391.66,209.98,374.87,189.86,391.79,194.78,411.86,207.85,401.06,197.06,396.56,183.57,381.52,161.61,412.35,219.27,422.04,212.17,415.28,157.24,409.1,169.15,432.23,194.26,427.01,183.47,419.97,187.94,407.97,155.97,410.63,143.67,407.61,200.59,421.97,212.63,390.04,220.5,388.7,201.57,407.56,236.57,389.03,257.11,398.01,251.62,408.85,262.84,371.97,223.73,363.52,234.51,373.56,265.52,383.88,241.73,418.94,285.9,444.49,251.52,435.7,189.7,415.94,215.95,405.31,317.23,430.46,324.39,433.93,283.98,443.4,290.48,484.37,314.44,473.12,284.16,461.1,283.04,479.79,266.8,478.63,278.66,477.51,283.51,477.47,286,479.33,272.34,496.29,262.37,491.8,285.04,490.35,306.02,492.23,309.21,489.53,340.46,503.55,340.45,533.81,296.77,530.63,293.91,486.89,304.93,496.23,342.18,502.95,351.94,498.12,352.98,468.67,327.91,459.96,309.97,486.58,316.58,455.51,342.63,448.19,354.04,434.86,345.83,428.29,343.91,407.81,316.84,401.54,313.12,406.85,314.05,366.54,329.03,361.83,329.02,371.79,317.73,356.48,333.99,347.63,326.67,342.65,309.58,322.2,313.16,329.33,309.9,329.82,317.06,322.5,309.5,328.45,297.36,321.16,299.22,319.32,300.23,313.95,301.02,320.46,290.58,330.71,291.97,321.4,278.52,322.17,274.13,325.69,285.68,315.54,284.45,326.96,289.96,324.07,284.07,325.86,288.86,352.04,281.33,364.87,279.82,372.01,276.02,371.94,268.87,389.6,253.56,401.97,256.39,440,262
403.64,270.64,394.55,293.51,399.5,269.51,401.99,245.96,400.39,217.28,400.65,216.98,383.81,197.81,398.86,203.87,418.95,216.88,409.64,205.53,404.24,192.34,389.41,169.41,417.99,228.98,426.92,221.91,420.85,166.79,414.82,178.77,433.89,204.68,430,194.1,423.99,198.21,414.42,165.42,417.06,153.1,410.94,211.34,428.12,221.22,394.86,228.89,394.1,211.36,409.28,246.31,391.97,266.17,400,261.15,411.12,272.15,378.98,232.95,369.2,244.25,378.05,274.21,388.1,251.68,421.92,295.4,450.08,260.12,443.58,197.58,420.97,224.77,410.13,326.17,440.09,330.03,443.2,290.21,452.25,298.25,491.65,322.66,482.75,289.7,471.27,287.33,486.93,275.9,485.7,287.6,486.71,289.65,486.2,293.19,487.63,280.66,505.27,269.33,502.14,289.07,501.39,308.37,501.82,314.89,498.44,347.53,512.17,348.21,542.04,304.05,539.21,300.25,496.89,309.04,505.45,347.44,512.37,358.44,508.95,355.96,477.49,334.56,468.28,317.28,493.79,325.84,464.65,348.67,458.47,357.5,443.56,353.56,438.18,349.18,417.88,320.98,411.41,317.42,416.64,318.98,376.69,333.09,372.51,331.93,380.97,323.97,365.12,341.15,357.04,332.02,351.86,315.97,332.55,316,339.22,314.18,339.7,321.78,332.49,313.58,337.19,305.04,330.66,304.55,328.54,306.09,323.3,306.01,329.03,297.03,338.29,300.29,330.84,284.85,331.42,280.45,334.55,293.55,324.52,291.61,334.92,298.93,332.56,292.56,334.64,296.64,356.1,291.18,369.26,289.2,375.88,285.44,376.53,278.64,394.52,263.55,403.98,267.63,439.99,273.18
412.47,278.5,403.85,299.97,408.42,277.4,408.9,254.91,409.18,225.18,409.21,225.21,392.76,205.76,405.06,213.27,425.27,226.2,415.9,214.91,411.26,201.3,396.99,177.99,421.45,239.54,431.03,231.92,425.67,176.63,419,189,436.7,214.67,431.49,205.49,426.93,208.89,420.05,175.18,420.59,163.67,413.99,222.24,433.87,229.88,400.05,237.15,397.99,221.59,412.09,255.56,394.99,275.18,401.8,270.76,414.1,281.25,384.64,242.73,374.93,253.94,382.04,283.08,390.99,261.99,425.01,304.93,455.7,268.65,450.97,205.64,426.01,233.61,415.03,335.04,449.42,336.42,451.94,297.94,459.34,307.32,497.89,331.91,491.8,296.76,480.94,292.95,494.04,285.04,491.91,296.93,495.58,296.6,494.78,300.79,494.49,289.49,514,276.99,511.53,295.44,512.2,311.17,511.74,319.78,507.65,353.98,520.89,355.89,550.31,311.31,548.01,306.01,506.91,312.94,514.63,352.76,521.82,364.97,519.26,360.07,486.81,339.86,476.6,324.6,499.99,335.39,473.21,356.21,468.38,362.03,452.02,362.01,447.47,356,426.87,327.93,420.64,323.66,426.06,325.03,386.54,337.67,382.49,336.52,389.93,330.92,373.91,347.92,365.86,338.93,360.58,323.69,342.55,319.56,348.56,319.7,349.87,325.96,342.36,318.23,346.2,312.12,339.65,310.94,338.11,311.05,332.66,310.96,337.27,304.27,345.8,308.79,339.7,292.7,339.92,288.93,343.16,302.16,333.65,298.64,342.16,308.15,341.07,301.06,342.42,305.42,360,301,374,298.51,380.01,294.9,381.99,287.97,397.99,274.03,406.02,278.87,437.81,284.23
421.59,285.62,413.49,305.52,417.44,285.02,417.32,263.32,418.04,233.04,417.69,233.66,401.73,213.69,410.94,222.74,431.57,235.56,423.71,223.69,418.22,210.33,403.84,186.83,426.44,249.45,435.95,241.59,431.24,186.18,423.98,198.95,438.96,224.85,432,217.35,429,220,426.63,184.56,423.95,174.26,417.06,233.1,438.89,238.78,404.67,245.57,401.91,231.81,413.98,265.15,396.96,284.71,402,281.13,413.99,291.73,390.34,252.45,380.6,263.67,385.17,292.22,394.19,272.23,427.65,314.63,459.8,277.78,457.1,214.19,431.3,242.35,420.65,343.62,458.47,343.56,460.37,306.45,467.04,316.19,503.02,341.59,500.3,305.3,490.53,298.66,501.18,294.15,498.92,305.93,503.97,304.97,503.51,308,501.01,298.45,520.18,286.3,520.46,303.01,522.66,314.69,521.52,325.14,516.74,360.73,529.33,364.33,558.31,319.31,556.56,312.48,516.92,316.95,523.95,357.93,530.79,372.78,529.7,363.71,496.2,345.13,484.64,332.67,505.36,345.29,481.77,363.77,478.09,367.04,460.51,370.42,456.73,362.83,435.92,334.92,429.86,329.97,435.13,332.06,396.14,343.18,392.53,340.87,399.19,337.1,382.04,356.22,375.04,345.01,369.42,331.35,352.44,323.42,358.06,325.06,359.82,330.77,351.67,324,354.64,320.64,348.58,317.69,346.91,317.96,341.74,316.78,345.22,312.27,353.25,317.36,347.51,301.6,347.72,297.62,351.02,311.02,342.72,305.74,349,317.51,348.87,309.78,350.2,314.2,363.96,310.9,378.96,307.69,384.1,304.3,387.03,297.53,401.93,284.36,408.87,289.57,435,295.02
430.97,291.98,423.74,309.68,427.02,291.01,424.99,271.99,426.89,240.89,426.36,241.44,410.93,220.91,417.15,232.12,437.91,244.87,432.03,232.31,426,219,411.42,195.42,431.33,259.46,441.19,251.23,437.45,195.57,429.04,208.87,442.06,234.73,432.97,228.95,431.9,230.68,432.31,194.34,428.08,184.62,420.02,243.94,442.12,248.5,407.9,254.62,405.3,242.32,414.97,275.25,400.08,293.75,401.89,291.6,415,301.74,396.12,262.09,387.03,273.08,389.12,301.09,396.9,282.66,429.01,324.95,462,287.7,463.58,222.51,435.12,251.61,425.51,352.51,467.89,349.87,469.15,314.15,472.99,325.66,508.25,351.19,508.1,314.09,500.23,304.24,507.51,303.59,505.95,314.91,512.48,313,512.21,315.25,508.18,307.16,527.02,295.27,529.46,310.46,533.73,316.91,531.75,328.92,526.23,366.31,537.7,372.81,565.63,327.5,565.05,319.02,526.65,321.71,532.88,363.94,539.96,379.98,539.87,367.91,505.25,351.14,491.97,340.98,509.59,355.66,490.35,371.29,487.3,373.35,468.2,379.17,465.69,370.69,444.4,343.42,438.86,336.85,443.62,340.62,405.74,348.73,402.32,346.21,407.62,345.51,388.95,364.95,382.58,353.65,376.43,340.36,361.76,328.81,367.23,331.23,369.41,336.39,360.69,330.68,362.41,329.35,357.27,325.25,355.76,324.85,350.68,322.81,353.49,319.49,360.06,326.09,356.03,310.19,354.67,306.7,358.11,320.19,351.59,313.5,355.11,327.17,356.81,317.97,358.72,322.72,367.97,320.66,383.15,317.18,387.07,314.11,392.07,307.05,405.89,294.7,411.93,300.35,431.91,305.71
440.35,298.36,433.87,313.9,436.5,297.4,432.93,279.93,435.48,249.48,435.13,249.13,420.13,228.13,423.53,241.44,442.86,254.66,440.01,241.02,433.72,227.73,419.74,203.74,437.04,269.1,446,261,443.79,204.82,433.95,218.79,443.99,245.04,434,240.61,434.55,241.55,437.29,204.33,430.89,195.39,422.15,255.19,443.99,258.68,410.9,263.72,407.98,253.16,416,285.33,403.6,302.5,403.39,301.41,413.99,311.74,401.03,272.1,391.99,283.03,393.01,310.02,399.33,293.35,429.97,335.44,464,297.76,467.77,231.71,438.04,261.2,430,361.56,476.98,356.99,476.88,322.88,479.81,334.83,513.02,361.03,515.03,323.18,509.65,310.58,514.02,312.9,511.53,324.4,518.94,321.71,520.08,323.09,515.74,315.76,532.95,304.59,536.54,319.62,544.07,321,541.37,334.48,535.76,371.81,546.75,379.69,571.3,336.42,572.02,327.38,536.44,326.43,541.58,370.68,548.9,387.9,549.87,372.83,514.28,357.19,497.96,349.76,514.02,365.88,497.1,380.18,496.63,379.55,475.04,388.22,473.64,379.54,450.99,352.58,447.5,344.6,450.65,349.7,414.8,355.73,411.62,352.62,413.98,354.72,395.79,373.66,388.98,362.63,382.73,349.62,370.84,334.91,376.12,338.14,379.35,341.21,369.37,338.37,368.61,338.7,365.04,333.2,363.99,332.55,359.66,328.98,360.71,327.74,366.07,335.15,361.98,319.72,360.99,315.96,365.02,329.36,358.59,322.66,360.91,336.86,363.96,326.83,366.48,331.52,370.93,330.86,387.09,326.73,388.9,324.45,396,317,410,305.01,414.98,311.1,428.77,316.25
449.64,304.97,444.11,318.04,445.57,304.67,441.34,288.34,443.29,258.39,443.6,257.6,429.37,235.34,427.89,251.49,447.6,264.58,446.31,250.41,440.76,236.66,427.32,212.32,442.01,279.02,451.1,270.68,450.04,214.13,439.58,228.46,447.05,254.86,434,252.72,436,252.94,442.03,214.39,434.01,206.19,425.07,266.13,446,268.91,414.56,272.52,410.2,264.24,417.26,295.3,408.01,311.04,405.9,310.6,414.9,321.73,404.58,282.67,396.99,292.99,396.98,318.88,401.2,304.24,431.01,345.94,463.91,308.77,471.95,240.93,441.57,270.53,433.95,370.75,484.79,365.81,483.87,331.88,484.87,344.59,516.41,371.42,520.01,333.01,517.7,318.75,518.86,322.83,515.99,334.4,523.91,331.28,526.15,332.27,522.59,324.6,538.12,314.27,542.97,328.94,554.03,326.03,550.78,340.78,545.04,378.05,555.15,388.15,576.35,345.49,578.04,336.1,546.25,331.05,550.1,378.03,557.1,396.09,559.26,379.27,523.01,364.01,503.64,358.72,516.86,376.83,503.99,388.96,505.05,388.05,481.35,397.48,480.01,389.02,456.98,361.96,455.48,352.57,456.99,358.99,423.54,363.51,420.73,359.67,420,363.98,401.78,382.76,394.86,371.82,387.01,359.72,379.98,340.99,384.03,346.06,388.57,347.67,377.77,346.79,374.95,347.87,372.05,342.04,370.53,341.53,367.95,336.95,367.24,336.22,372.09,344.19,368.2,329.15,366.45,325.57,370.95,338.92,365.95,331.6,365.14,347.21,370.89,335.9,372.93,340.74,374.07,341.13,389.07,337.1,390.99,334.77,400,327,412.88,315.69,417.93,321.91,425.14,326.6
458.79,311.89,454.52,321.53,455.1,311.04,449.76,296.76,451.03,267.25,452.06,266.06,438.51,242.62,434.69,260.7,451.97,274.62,453.01,259.57,447.71,245.7,434.91,220.9,446.98,288.97,455.55,280.54,454.97,223.91,444.47,238.48,451.11,264.23,434,264.83,438,264.1,445.12,225.18,435.91,217.42,426,277.95,447.4,279.42,418.13,281.49,412.32,275.35,418.99,305.03,412.53,319.51,409.47,319.44,417,331.27,408.92,292.88,401.96,302.93,402.98,326.93,402.96,315.16,432.28,356.34,466.03,318.84,475.36,250.41,445.68,279.74,439.09,379.59,492.68,374.58,490.16,341.12,490.1,354.4,518.98,382.15,523.09,343.55,524.05,328.13,522.02,333.42,518.92,344.86,527.46,341.48,530.95,341.81,528.69,333.7,540.86,324.82,547.13,339.16,563.17,333.18,560.15,347.15,554.04,385.05,563.8,395.96,582.01,354.27,584.53,344.61,555.95,335.97,558.79,384.8,565.74,404.76,568.38,386.45,532.08,370.03,509.57,367.45,518.99,388.09,510.05,398.05,512.79,396.79,488.39,406.4,487.09,398.25,463.26,371.23,463.24,361.21,461.88,368.84,432.3,371.3,429.25,368.26,424.01,374.02,408.57,391.54,400.96,380.93,391.02,369.91,387.51,349.54,390.93,354.94,397.97,353.96,384.73,355.72,379.68,357.76,378.2,351.19,376.66,350.68,376.16,345.16,374.47,344.47,378.12,353.23,373.79,338.84,372.02,335.06,375.9,348.86,372.05,341.05,370.02,357.24,375.74,345.68,377.66,350.63,376.03,351.85,390.89,347.58,392,345.57,403.2,337.26,415.61,326.59,420.01,333.01,420.4,336.58
468.49,317.5,465.02,325,464.42,317.55,458.17,305.16,457.52,276.63,460.52,274.53,448.32,248.32,442.51,269.51,455.94,284.87,459.72,268.77,455.47,254.39,442.5,229.47,452.65,298.66,460.28,290.39,460.5,233.51,450.17,248.13,454.97,273.66,435.01,276.46,439.95,275.24,449.36,235.4,439.07,228.1,427.97,289.29,447.99,290.32,420.87,290.61,415.86,285.84,421.43,314.44,417,328.01,413.96,327.93,418.89,340.77,412.94,303.2,406.94,312.9,408.24,335.35,407.02,325.04,435.01,366.02,466.92,329.36,478.9,259.85,451.09,288.45,444.34,388.3,499.73,383.73,497.04,350.18,495.91,363.92,522.4,392.39,524.9,354.62,529.95,337.62,525.96,343.64,522.98,354.97,530.03,352.05,534.93,351.77,534.81,342.77,542.1,336.13,551,349.52,570.27,342.38,568.98,354.98,563.04,392.04,572.25,404.31,586.53,363.56,591.06,353.09,565.63,341.08,567.56,391.45,573.68,413.67,577.61,393.53,541.14,376.03,515.4,376.32,521,399.43,516.87,406.88,520.77,404.81,496.11,415.11,492.88,407.91,469.57,380.48,470.93,369.93,466.73,378.69,441.07,379.07,438.07,376.07,428.78,383.74,416.02,400.09,406.01,390.46,393.89,380.39,394.3,358.41,397.83,363.85,407.56,359.59,391.99,364.55,383.91,367.71,385.02,360.09,382.04,360.08,384.4,353.33,381.71,352.71,384.96,361.9,380.01,348.24,376.1,345.14,381.46,358.59,378.41,350.38,375.24,367.18,380.07,355.72,381.04,361.07,379.08,362.13,393,358.03,392.58,356.57,406.43,347.45,418.01,337.63,423.52,343.51,416.97,347.05
478.19,323.07,475.79,327.82,474.5,322.44,466.85,312.85,464.75,285.64,468.02,283.34,457.82,254.79,451.07,278.06,462.02,294.3,466.08,278.07,462.46,263.38,451.07,237.07,459.8,307.8,466.51,299.62,466.08,243.06,455.97,257.75,459.96,282.72,436.76,287.73,442.25,286.28,453.04,245.89,443.33,238.26,431.04,300.15,449,301,423.94,299.79,419,296.5,423.88,323.73,422.06,336.29,417.9,336.58,422.57,349.65,417.42,313.34,411.98,322.88,415.84,342.84,410.98,334.97,439.08,375.11,468.97,339.42,482,269.56,456.09,297.29,451.4,396.4,508.29,392.3,503.34,359.47,502.27,373.25,526.47,402.53,528.83,364.78,535,347.5,530.66,353.63,527.03,365.06,533.34,362.37,539.46,361.46,540.89,351.9,545.06,346.67,554.85,359.81,576.69,351.77,577.81,362.82,572.04,399.04,580.98,411.98,590.83,372.88,596.89,361.79,575.2,346.26,576.53,397.41,582.82,420.97,586.46,401.44,550.17,382.16,520.54,385.41,523.53,410.52,522.16,416.28,528.52,413.52,504.56,423.56,498.98,417.42,475.86,389.75,478.68,378.58,470.83,388.77,449.79,386.96,446.9,383.88,432.88,393.72,423.59,408.59,411.76,399.66,397.61,390.6,401.19,367.18,404.8,372.67,417.62,364.11,399.33,373.36,388.01,377.82,389.02,370.03,384.92,370.43,391.03,362.12,388.17,361.26,390.04,371.32,385.87,357.76,380.98,354.94,387.15,368.2,386.03,359.28,381.98,376.6,383.95,365.83,385.07,371.16,382.1,372.32,396,368,394,367.16,410.1,357.53,420,348.82,426.98,354.1,412.89,357.31
488.4,327.26,486.32,330.94,484.21,328.16,475.72,319.99,471.03,295.09,474.47,292.56,467.02,262.02,459.88,285.88,469.02,303.39,471.99,287.53,469.43,272.4,459.65,244.65,468.42,316.42,474.02,308.36,472.37,252.36,462.95,266.95,465.52,291.6,439.51,298.54,444.36,297.38,456.01,256.69,446.89,248.77,434.73,310.67,452.04,310.79,428.34,308.37,422.11,307.19,428.29,332.4,428.9,343.9,425.1,344.1,428.57,357.54,422.09,323.57,418.04,332.47,423.65,349.64,417.03,344.13,444.71,383.61,471.29,349.34,484.99,279.3,461.05,306.14,459.29,404.03,516.86,400.86,510.43,368.36,509.28,382.39,532.02,412.01,530.91,375.78,540.03,357.39,535.59,363.58,531.95,374.82,537.13,372.47,543.95,371.15,547,361,548.04,357.15,559,370,583.13,361.12,585.59,371.7,581.03,406.01,589.93,418.98,596.61,381.68,602.59,370.66,584.46,352.44,585.61,402.94,592.08,428.04,595.34,409.34,558.94,388.95,526.33,394.32,525.9,421.7,527.58,425.57,536.99,421.99,513.02,432.02,505,427,482.82,398.82,484.85,387.87,474.96,398.92,458.31,395.37,455.46,392.44,437.53,403.53,431.79,416.88,417.89,408.8,402.09,400.54,407.2,376.33,410.12,382.23,427.82,367.91,407.02,382.02,392,387.99,393.01,380.03,387.98,380.76,395.9,371.49,394.74,369.7,393.98,381.15,392.01,367.25,386.09,364.7,392.86,377.82,393.28,368.3,390.4,385.4,388.03,375.92,386.96,382.23,384.86,382.53,398.24,378.28,394.96,377.93,411.94,368.32,422,360.03,430.67,364.57,411.36,368.62
497.98,333.01,496.93,333.96,494.22,332.94,484.98,325.99,478.19,304.19,481.52,301.5,476.3,269.01,468.93,292.97,476.48,311.98,479.45,296.45,477.18,281.03,468.23,252.23,477.6,323.54,481.98,316.98,479.4,261.4,471.56,275.56,472.8,299.8,444.45,308.34,447.95,307.77,460.06,267.09,451.8,258.74,440.48,320.49,455.96,320.18,433.6,316.61,427.82,316.78,435.07,340.09,436.52,350.63,432.75,350.79,436.5,363.5,427.46,333.36,424.76,341.77,431.97,354.98,424.72,352.71,451.96,390.96,475.52,358.44,487.96,288.94,467.47,314.47,468.15,408.99,526.28,407.19,518.14,377.13,518.14,390.16,539,421,535.7,385.66,545.07,367.28,541.18,373.28,538.03,384.16,541.3,382.38,548.75,380.79,553.84,369.84,552.12,367.17,565.41,379.34,590.27,370.27,595.03,378.01,590.76,410.96,599.21,425.05,603.91,389.91,610.55,378.65,593.65,358.69,595.23,407.21,601.33,435.04,603.96,417.96,567.77,395.69,532.9,402.9,530.05,432.1,533.71,434.58,545.41,430.5,522.29,438.25,512.17,436.16,490.57,407.57,493.3,396.3,481.25,408.26,467.51,401.97,464.57,399.49,443.02,413.04,440.86,422.96,424.71,417.7,407.25,410.19,413.01,385.47,416.31,391.34,438.04,372.02,415.96,388.99,396.77,397.83,397.81,389.68,390,391.57,400.91,380.87,399.81,378.72,398.67,390.74,397.05,377.16,391.02,374.45,398.54,387.42,400.37,377.38,399.88,391.95,392.07,386.06,389.17,393.2,389.21,392.26,401.96,387.91,397.92,387.74,414.8,378.77,423.95,371.24,434.07,375.09,411,380.57
508.27,336.95,507.44,337.43,504.99,336,495.3,329.26,487.04,312.05,489.95,309.98,486.26,274.22,478.82,297.84,485.96,317.95,487.98,304.98,486.45,287.35,476.83,259.8,487.33,329.03,491.27,323.16,487.9,269.9,480.6,282.99,481.42,305.99,452.23,317.23,454.2,317.17,465.06,277.06,457.52,268.43,449.2,329.19,461.83,328.86,440.33,324.33,435.65,325.65,442.83,346.81,444.72,355.84,441.29,355.19,444.68,368.76,435.35,342.33,433.72,349.63,440.82,358.93,433.64,359.54,460.76,395.84,480.29,367.39,492.93,297.89,475.6,321.52,477.82,412,536.13,412.1,527.11,384.14,527.5,396.49,548,428,542,395.01,551.58,376.58,550.08,381.08,546.12,392.14,548.98,390.98,556.36,389.36,561.43,378.41,557.61,376.68,573.48,387.51,598.04,379.2,604.13,385.03,601.26,414.01,609.48,428.48,612.5,396.37,619.45,384.31,603.45,363.44,605.48,410.1,611.35,439.98,613.12,425.05,577.06,401.03,540.96,410.96,536.53,441.61,540.48,443.45,554.66,436.76,532.07,442.98,521.28,443.37,499.33,415.31,501.73,404.73,489.04,417.01,477.29,406.92,473.55,406.68,450.71,421.71,450.53,427.43,433.29,425.3,414.24,419.22,417.99,394.97,423.18,400.28,450.11,372,425.45,394.43,403.79,406.82,402.44,399.46,394.35,401.42,405.48,390.37,404.05,388.12,405.46,399.46,402.05,387.05,396.03,384.19,406,396.47,408.92,385.93,409.89,397.02,396.91,395.88,393.36,403.3,394.49,401.61,407.03,397.09,404.29,396.31,418,389,427,382,439.01,385.03,413.08,391.73
519.45,338.91,519.27,338,516.73,336.98,506.84,330,496.96,316.97,499.69,314.91,496.48,278.51,489.41,300.92,496.14,322.08,497.39,311.09,495.64,293.68,486.23,265.18,498.57,331,501,328,496.93,276.94,490.14,289.06,490.94,309.92,461.29,324.36,462.01,326,471.48,286.56,465.38,277.38,458.96,334.98,469.77,336.75,447.78,331.78,444.21,334.25,451.09,352.11,453.57,359.48,449.61,360.08,453.62,372.08,444.45,349.58,443.08,356.1,449.74,362.78,443.01,365,470.3,399.1,487.4,375.4,497.11,307.16,483.39,329.38,488.4,413,546.4,416.11,536.94,389,537.52,401,557.7,433.06,550.48,403.58,560.16,385.16,559.18,388.22,555.41,398.39,557.63,398.63,564.68,397.68,570,386,563.88,385.89,582.87,393.91,605.3,388.29,613.71,390.76,612.28,416,620.67,430,621.29,402.04,628.12,390.16,613.51,367.5,617.05,410,623.11,441,623.35,429.3,586.6,405.63,549.59,417.51,545.24,450.29,548.76,451.76,563.94,442.98,542.52,445.87,531.03,449.02,508.35,422.32,510.4,412.47,498.14,424.06,487.86,410.01,482.97,412.96,459.14,430.14,460.06,432.04,442.42,431.4,423.21,426.28,424.84,403.74,430.85,408.87,461.72,370.99,435.65,398.08,412.5,414.6,409.33,408.34,401.03,410.34,409.99,399.97,411.35,396.28,413.72,407.69,408.43,396.42,401.75,393.63,414.21,405.22,417.68,393.79,420.82,400,403.2,405.17,398.08,413.22,401.37,410.31,413.65,405.66,410.81,404.81,422.67,398.67,431.25,392.21,443.99,394.98,417,401.99
530.63,339,530.42,337.89,528.64,336.34,518.25,329.03,508.59,318,509.81,318.92,507.09,282.06,500.55,302.97,507.21,324,507.65,314.9,505.61,297.98,495.82,269.96,510.75,331,511.99,330,506.29,283.17,500.36,293.3,500.54,313.53,471.29,328.93,471.44,332.31,478.68,295.73,474.01,286.01,469.05,340.03,478.77,341.71,455.45,338.54,453.59,340.61,459.6,356.7,462.32,363.31,458.71,362.75,463.14,374.01,454.32,354.93,453.08,361.05,459.81,364,452.97,368.98,480.78,400.09,495.62,381.95,502.04,316.12,491.65,335.98,498.97,412,558.02,417,547.11,393.06,548.2,403.96,569.11,434.08,559.81,409.88,568.74,393.74,568.8,393.91,565.26,403.17,566.59,405.48,573.25,405.3,578.31,394.31,570.85,394.86,592.79,398.83,613.18,397.18,623.12,397.02,623.77,417,632.6,430,630.56,406.55,636.88,395.93,623.78,370.84,627.66,408,634.85,440.07,634.26,432,596.25,410.11,558.46,423.35,555.03,456.01,557.42,458.99,573.66,448.1,553.06,449.03,541.49,452.5,517.89,427.88,519.46,419.35,507.36,430.44,498.92,412,492.3,419.34,468.14,437.06,469.83,435.96,451.71,437.06,432.77,431.82,430.97,412.86,438.45,417.55,472.85,369.01,447.05,399,422.39,419.36,417.96,415.99,409.1,418.12,415.98,408.95,417.81,404.83,422.64,413.94,415.55,405.55,407.97,402.94,423.32,412.38,427.08,400.09,432.64,401,411.68,413.69,403.74,422.76,407.35,419.45,420.25,414.25,419.37,411.26,426.56,408.64,434.9,402.66,448.08,405.26,421.93,411.88
541.8,336.99,541.53,335.91,539.72,333.95,528.79,326.19,520.72,318.1,521.32,320,517.94,284.96,512.64,303,518.8,323.01,518.26,318.01,515.72,302.04,505.52,274.5,521.92,329.05,523.62,329.35,515.76,288.84,510.69,297.06,510.6,315.9,482.04,332,481.26,337.25,487.37,304.35,482.91,293.9,480.86,341,488.4,344.96,463.78,343.72,463.57,345.48,469.08,358.99,471.55,365.9,468.58,364.03,473.62,373.89,464.72,358.88,463.87,364.03,469.51,365.97,464.25,369.97,490.32,396.96,504.42,387.07,507.05,325.04,499.84,342.83,508.7,409.27,569.65,415.99,557.5,396.51,559.33,406,580.16,433.99,569.96,414.01,577.87,400.83,579.04,398.03,575.49,407.1,576.39,410.02,582.61,410.71,586.63,402.62,578.56,403.55,603.37,402.11,621.8,405.8,632.99,402,635.74,417,644.04,429.01,640.65,408.9,646.19,400.25,634.23,374.11,638.76,406.95,645.6,437.14,646.46,432,606.02,414.01,567.59,428.46,565.35,460.29,567.24,463.16,583.25,453.31,564.02,451,552.99,454,527.63,433.01,528.13,427.03,517.38,434.92,510.63,411.35,501.92,424.97,477.05,444.02,479.73,439.74,461.68,440.87,442.82,435.96,437.77,421.64,446.87,425.87,483.97,366.99,458.63,398.34,432.42,423.41,427.1,422.13,418.28,424.22,423.42,417.41,425.38,412.27,432.06,419.03,424.45,413.36,414.2,412.3,433.32,417.23,436.98,404.99,444.47,399.9,420.74,420.68,411.53,431.53,415.66,427.66,428.35,422.29,428.11,417.07,432,418,439.96,412.58,452.43,415.44,426.96,421.74
552.05,332.97,551.8,332.13,550.42,331.12,539.11,322.94,531.62,315.36,532.87,319.1,528.79,288.07,524.25,302,529.41,319.9,530.22,317.81,526.72,303.98,516.03,277.01,531.83,324.11,534.03,326.01,525.92,292.95,521.9,299.02,520.93,318,493.67,333,491.61,341.08,496.29,312.29,492.07,301.08,492.7,339.94,499.11,346,472.25,348.31,473.65,349.97,478.68,360.9,481.09,368,478.08,366,483.15,374,475.5,362.03,475.11,365.98,480.17,365.96,476.05,370,499.55,393.31,514.08,389.99,511.99,333.98,508.17,349.2,518.12,405.9,581.25,415.08,568.76,398,571.42,406,590.42,430.56,581.06,416,587.68,406,588.94,402.95,586.5,409,586.87,412.9,592.42,415.14,593.48,411.45,585.54,412.52,615.51,402,630.41,414.42,642.48,407.88,647.23,418,655.02,426.99,651.01,411,655.38,405.04,644.71,377,650.31,407.07,655.56,431.87,658.16,430.99,615.89,417.92,576.62,433.65,576.23,463.19,577.15,466.97,593.13,457.97,574.55,454.1,564.24,456,537.85,436.87,536.76,434.85,527.13,440.16,522,410,511.61,430.49,486.83,448.77,489.87,443.01,471.42,445.4,452.96,439.97,444.54,430.53,455.26,434.21,495.11,364.94,470.36,398,442.71,427.06,436.37,427.99,427.88,428.92,431.64,425.61,433.61,419.53,441.85,422.96,433.57,420.48,422.68,420.79,442.91,422.96,446.55,410.65,455.77,397.95,429.47,428.47,420.31,439.32,423.19,436.2,435.64,430.67,437.53,421.1,439.64,426.54,444.62,422.63,456.65,425.62,433.9,430.9
561.56,326.98,561.63,326.99,560.54,326.46,549.55,319.87,542.62,313.03,543.78,317,539.62,291.11,536.23,301.8,539.68,316.23,541.27,315.75,538.69,303.99,526,281,542.31,320.69,544.03,321.99,536.44,296.13,533.58,299.89,531.26,320.1,505.29,332,503.24,342,505.52,319.43,501.32,308.03,504.52,339.03,509.82,344.96,481.13,352.04,483.94,354.02,488.29,362.97,491.09,369,488.56,366,493.43,373.58,486.28,364.97,486.37,368.01,489.88,368,487.37,371.01,508.49,388.6,525.1,390,516.98,342.9,516.59,355.51,526.65,400.22,592.26,412.76,579.84,399.88,583.51,405.97,600.28,425.84,593.06,415.96,597.55,410.99,599.48,406.38,597.53,411.1,598.17,413.96,602.81,417.85,601.04,420.05,592.46,421.55,627.66,401.97,639.4,422.02,652.34,413.04,659.21,418,665.98,425.01,661.37,413.11,664.87,408.91,654.75,380.96,661.41,406,665.71,427.39,668.96,428.03,625.99,420.99,585.77,438.76,587.45,465.44,587.45,470.11,602.9,462.88,585.34,456.32,576.46,456.03,548.4,439.99,545.51,442.51,537,445,533.04,408.01,520.87,436.92,495.99,455,499.79,446.81,481.32,449.39,463.62,442.65,451.38,439.34,462.91,442.83,507.19,365,481.28,397.96,453.21,429.99,446.24,432.2,437.78,432.89,440.08,433.1,441.81,426.81,451.45,427.44,442.69,427.59,431.78,427.73,452.84,427.95,456.65,414.94,467.71,397.26,438.5,435.5,429.36,446.37,431.72,443.73,442.21,439.31,447,425,447.21,435.18,448.95,432.77,460.22,436.17,441.01,440
570.78,320.21,570.8,320.18,569.93,320.03,559.65,316.35,553.3,309.88,554.3,313.97,550.59,293.61,547.95,301,550.15,313.04,551.98,312.99,550.17,305,535.95,284.96,552.56,316.54,554.1,317.96,546.97,299,545.29,301,542.05,320.99,516.92,331,515.35,341.98,515.23,325.18,510.71,314.62,516.25,337.79,520.5,344.1,489.85,355.9,494.21,358.1,498.38,363.95,501.08,368.03,499.03,366.01,502.76,371.2,498.03,366,498.59,368,500.06,367,498.69,370.02,515.98,381.35,535.17,388.05,523.27,351.37,525.18,361.14,535.06,393.94,602.19,407.89,591.74,399.97,595.07,404.96,609.2,418.8,603.83,413.15,607.84,415.03,609.69,410.61,609.5,411,609.55,415.01,614.5,418,607.88,428.89,599.49,430.46,638.9,400.08,648.97,427.99,662.21,417.94,670.71,416.94,676.4,421.98,672.67,413.01,675.14,411,664.76,384.95,672.5,407.01,675.33,421.58,679.21,423.94,635.84,424.8,594.84,443.94,599,467,598.67,471,612.99,466.99,595.57,459.87,588.19,457,559,443,553.28,451.03,547.13,449.09,544.11,405.94,530.56,442.48,505.49,460.49,509.63,450.62,491.54,452.58,474.5,445.1,458.14,448.24,469.75,451.8,519.29,365,492.69,397,463.83,432.92,455.9,436.98,447.32,437.93,448.51,440.61,450.05,434.05,461.04,432.02,451.77,434.74,440.21,436.26,462.55,433.54,466.36,420.34,479.4,396,447.71,441.96,438.4,453.41,439.99,451.99,448.84,447.87,456.54,428.55,454.8,443.8,453.06,443.11,463.02,447.03,448.88,448.8
577.92,311.13,577.92,311.12,578.03,311.82,569.1,310.88,563.35,305.56,564.04,308.99,562.21,295,559.55,299.97,559.74,307.35,561.5,307.38,561.09,302.93,546.13,288.08,561.92,310.11,563.02,310.99,559,299,557.47,300.97,553.23,320.81,527.37,327.63,525.68,338.31,525.72,328.9,520.08,321.1,526.79,334.17,529.47,338.96,498.98,358.99,505.36,360.11,508.47,363,510.56,366.14,508.54,364.03,511.77,368.11,509.79,365.09,509.84,365.95,509.75,364.95,509.33,367.7,522.82,373.28,543.7,382.29,530.74,358.73,534.41,364.88,542.15,385.87,610.45,400.46,602.54,397.48,604.93,400.09,616.95,410.12,613.71,408.36,619.49,413.87,620.72,412.98,621.48,411.1,620.44,412.99,624.88,415.08,615.47,437.47,607.13,439.22,649.4,396.62,659.29,431.94,673.37,420,681.72,415.05,686.04,416.95,682.98,411,686.29,410.73,674.34,390.29,683.41,405.62,684.82,415.18,688.56,417.42,645.45,429.45,603.73,449.72,611.3,467.07,610.38,471.08,623.5,469.87,606.04,463,599.93,455.99,570.47,443.9,561.88,458.94,556.93,453.97,554.61,402.99,540.13,448.16,514.98,465.99,519.69,453.88,501.81,455.84,486,446,466.48,456.48,478.14,460.15,531.39,365.01,504.59,397,474.01,437,465.36,442.33,457.21,442.19,457.28,447.31,458.02,442.02,470.44,437.14,460.89,441.86,449.31,443.2,472.29,439.06,476.29,425.17,490.74,393.94,456.28,450.28,447.75,459.7,448.26,460.26,455.45,456.46,466.14,431.99,463.4,451.4,458.07,453.07,467.12,457.28,455.95,457.94
580,300,580,300,581,301,576,302,573,300,573,302,574,294,570,297,569,301,571,302,571,299,556,292,571,303,571,303,570,297,568,298,563,318,537,322,535,332,537,329,530,326,537,330,538,333,509,360,517,359,518,361,519,362,518,362,520,363,520,361,520,362,519,362,519,363,526,364,550,374,540,363,545,366,547,377,616,391,612,392,614,393,621,400,620,399,629,408,631,409,631,406,630,408,633,408,624,445,616,446,659,391,671,433,685,419,691,409,694,409,692,406,695,405,684,395,693,402,693,407,695,408,655,434,613,454,622,464,620,467,635,471,617,465,611,454,582,445,571,465,568,456,565,400,550,453,525,470,530,457,513,457,498,446,474,465,487,467,543,364,516,396,485,439,475,447,467,446,466,454,466,450,480,441,470,449,458,451,482,444,486,430,502,392,464,459,457,466,457,467,462,465,476,435,472,459,463,463,470,468,463,467
