580,300,580,300,581,301,577,302,571,301,574,300,575,294,570,297,573,298,572,300,573,297,555,292,571,302,572,302,570,297,568,298,567,317,536,322,535,331,537,329,530,326,538,330,539,332,518,359,517,359,518,361,521,361,519,361,521,362,522,360,522,361,516,364,516,365,526,362,550,374,538,363,546,366,548,376,616,390,613,391,614,393,621,399,620,398,630,408,631,409,631,405,632,407,634,408,631,449,616,446,659,391,671,433,685,419,693,408,693,410,693,405,695,405,683,394,693,402,694,405,695,407,659,436,614,455,624,463,623,465,635,471,618,465,612,454,590,445,571,465,568,456,566,400,550,453,529,472,530,457,519,458,499,446,484,472,489,468,544,364,516,396,486,439,476,447,469,447,475,462,470,454,481,441,477,453,468,458,488,447,486,430,502,392,474,467,463,470,457,467,462,465,484,438,476,461,467,469,470,468,463,467
577.88,311.17,577.94,311.07,577.4,311.48,569.35,310.75,561.56,307.02,565.61,307.27,563.17,295,559.56,300.01,563.87,305.03,562.92,307.1,563.25,302.08,545.28,288.21,562.09,309.88,564.31,310.79,559.02,299,557.46,301.01,556.71,319.97,526.49,327.97,525.8,338.15,525.48,329.47,520.12,321.04,527.65,334.29,530.62,338.49,506.82,360,505.24,359.97,506.77,363,512.28,364.96,508.5,363.91,512.81,367.15,511.81,364.15,511.79,365.17,505.36,367.08,506.07,368.95,523.31,371.76,543.68,382.3,529.56,357.47,534.92,365.94,543.19,384.84,611.1,399.91,603.73,397.21,604.91,400.06,617.63,409.45,614.48,407.63,620.54,413.88,620.77,413.01,621.63,411.11,622.48,412.5,625.92,415.11,621.48,443.49,607.8,438.69,649.37,396.65,659.17,432.14,673.41,420,683.77,414.29,685.09,417.97,684.21,410.82,686.25,410.77,672.96,389.98,683.18,405.85,686.55,413.36,689.31,416.67,649.45,431.44,604.96,449.98,613.5,466.49,613.44,469.6,623.43,469.92,606.97,463,600.93,455.99,577.81,445,561.88,458.94,557.26,453.25,555.48,403,540.21,448.16,518.91,467.88,519.77,453.89,508.01,456.01,487.01,446,475,465,479.87,461.94,532.41,365.01,504.51,397,474.96,437.01,466.05,443.06,459.05,443.02,466.09,455.02,462.47,446.48,471.17,437.13,467.53,446.53,458.54,451.65,478.09,442.03,476.28,425.16,490.86,394.11,465.11,459.11,453.34,464.41,448.24,460.25,455.47,456.36,474.62,433.89,466.9,454.95,461.35,459.38,466.49,457.46,455.92,457.92
570.72,320.26,570.84,320.15,570,320.01,559.75,315.92,551.35,311.07,556.08,312.97,551.34,293.99,547.96,301,554.28,310.84,553.04,311.98,552.46,304.55,535.3,284.25,552.58,316.01,554.99,317.01,547.04,299.02,545.29,301.03,545.42,321,515.72,331.1,515.37,342.08,515.15,325.1,510.7,314.64,516.77,337.2,521.38,342.98,496.06,357.99,493.96,357.98,495.48,363.03,502.99,368.01,497.31,365.98,504.1,370.94,500.39,366,500.85,367.98,493.7,368,495.37,370.98,516.97,380.03,535.15,387.9,522.11,350.19,525.72,361.77,536.81,393.35,602.63,407.02,593.08,400.02,594.74,404.23,609.85,418.16,604.8,413.13,608.87,414.99,609.64,411.1,609.64,411,611.52,414.47,615.46,418.01,613.04,435.04,599.25,430.36,638.83,400.14,648.9,427.94,662.35,418.14,673.02,417,675.31,422.7,673.96,413,675.03,411,663.48,384.47,672.17,406.99,677.44,420.65,679.88,423.09,639.76,426.8,595.79,444.78,601.42,467,602.35,471,612.84,466.96,596.41,459.91,589.2,457,566.1,443.99,553.19,451.23,547.24,448.92,544.88,405.99,530.41,443,509.32,462.28,509.63,450.66,497.04,454.03,475.5,444.97,466.26,457.27,471.47,453.46,520.33,365,492.54,397,464.35,434.11,456.6,437.63,449.15,439.05,457.41,447.44,454.44,438.44,461.53,432.54,458.02,440.02,449.71,443.65,468.01,437,466.06,421.03,479.42,396.01,456.43,450.43,443.94,457.98,439.97,451.97,448.81,447.79,464.63,430.87,458.25,447.24,456.29,449.33,463.01,446.94,448.04,449.08
561.46,327,561.66,327.03,560.61,326.51,549.67,319.94,540.66,314.1,545.63,316.35,540.48,291,536.34,302.07,544,315,542.59,315.4,540.74,304.77,525.01,281,542.65,321.14,545.25,321.96,536.47,296.13,534.56,299.89,534.14,320,504.02,332,503.16,342,505.1,320.03,501.55,307.45,505.28,339.03,511.1,345.01,486.22,354.15,483.71,353.77,483.69,362,492.79,369,485.17,366,494.68,373.29,488.58,365.04,488.53,368,482.03,367,484.07,370.05,509.66,387.32,525.11,390,516.47,341.59,517.09,356.08,528.01,399,593.12,412.94,581.07,399.99,583.5,406.01,600.86,425.19,594.09,415.94,598.6,410.86,599.55,406.59,597.74,410.78,600.22,414.19,603.76,417.79,606.08,426.07,593.02,421.07,627.54,402.01,639.2,422.23,652.52,412.99,661.49,418,665.08,426.01,662.62,413.08,664.76,408.8,653.5,380.46,661.07,406,667.53,426.04,669.94,427.98,629.89,422.91,586.84,438.96,589.58,466.01,591.1,469.98,602.74,462.8,585.87,457.02,577.47,456.03,554.95,441.96,545.5,442.53,537.41,444.32,533.76,408.09,520.95,436.94,499.74,456.67,499.7,446.74,486.62,451.11,464.65,442.67,459.02,448.35,463.97,444.67,508.26,365,481.05,398,454.15,430.12,446.88,432.92,439.58,433.98,448.52,440.49,446.45,430.35,452.24,427.15,448.72,432.82,440.68,435.97,458.31,430.93,456.57,414.98,467.7,397.27,447.67,441.97,434.77,450.86,431.7,443.7,442.13,439.22,454.62,428.12,449.81,438.84,452.02,439.04,460.04,436.13,440.92,439.93
551.96,333.05,552.15,332.87,550.37,331.01,539.49,323.52,529.53,315.91,534.81,318.97,529.6,287.87,524.26,302,533.76,318.92,531.49,317.51,529.05,304,515.04,277.03,532.31,324.75,535.2,326.07,526.25,292.23,522.88,299.02,523.33,318,492.31,333,491.44,341.1,496.11,312.11,492.07,301.02,493.41,340.03,500.33,346,476.53,349.57,473.25,350.11,472.38,360.03,482.56,368,473.51,364.99,484.51,374,477.27,363.1,477.18,366,470.35,366.01,472.38,370,501.12,392.92,514.11,390,511.69,332.56,508.94,348.98,519.33,404.71,581.99,415,570,398,571.4,406,591.3,430.71,582.07,416,588.51,406.52,589.22,403.11,586.59,409.04,588.87,413.02,593.28,414.99,599.11,417.09,585.35,412.35,615.37,402,630.32,414.3,642.69,408.09,649.48,418,654.14,428.03,652.23,411,655.25,405.05,643.4,376.41,649.97,407,657.64,431.33,659.2,431.04,619.93,419.01,577.59,434.02,578.23,464.09,580.33,467.99,592.92,457.96,575.3,453.97,565.26,456,544.18,439.08,536.82,434.8,527.36,440.03,522.68,410.01,511.58,430.59,490.11,451.14,489.84,442.96,476.62,446.89,453.99,439.99,451.52,439.53,456.05,436.05,496.2,364.91,470.08,398,443.63,427.01,437.27,427.94,429.7,429.77,439.8,432.88,438.13,423.07,442.02,424.01,439.46,425.56,431.84,427.85,448.51,425.38,446.73,409.91,456.19,399,438.29,435.3,425.73,443.64,423.16,436.17,435.55,430.54,445.01,424.01,442.13,430.14,446.99,428.98,455.91,425.81,433.81,430.79
541.67,336.99,541.55,335.91,539.58,333.91,529.19,326.85,518.34,318,523.2,320,518.28,286.1,512.65,303,523.07,321.96,519.61,318.01,517.95,302.01,504.77,273.96,522.09,328.94,524.77,329.19,516.2,288.17,511.69,296.97,512.36,316.34,480.6,331.98,480.76,337.8,487.13,304.13,482.86,293.95,481.55,341,489.55,344.9,466.93,344.97,463.21,345.2,461.57,356.87,472.54,366.55,461.91,363.93,474.5,375.1,466.4,360.03,465.83,364.02,459.16,364,461.12,369.01,492.01,397,504.67,386.7,506.01,324.02,500.26,343.31,510.06,409.01,570.34,415.99,558.48,397.1,559.31,406,580.97,433.99,570.94,413.96,578.52,401.63,579.3,398.26,575.55,407,577.97,410.98,583.36,411.03,591.43,408.35,578.36,403.39,603.21,402.09,621.66,405.66,633.22,402.12,637.95,417,642.82,429.14,641.83,408.93,646.11,400.07,633.04,373.03,638.38,407.03,647.55,436.14,647.48,432,610.02,415.02,568.2,429.27,567.32,460.99,570.07,464.98,583.12,453.02,564.73,450.9,553.67,454.7,533.88,434.93,528.1,427.12,517.57,434.98,511.4,411.61,501.94,424.97,480.75,444.96,479.68,439.71,466.42,443.39,443.64,436.63,444.5,430.53,448.34,427.34,484.72,366.25,458.58,399.11,433.06,424.02,427.71,422.83,420.05,425.07,431.17,425.2,429.54,416.51,432.57,418.98,430.23,418.3,422.91,419.97,438.39,420.37,436.86,404.92,444.34,400.03,429.12,428.06,416.74,435.97,415.63,427.63,428.2,422.17,435.45,420.02,435.2,421.17,442.98,418.58,452.33,415.33,427.44,421.37
530.48,338.99,530.42,337.89,528.32,335.89,518.33,328.87,506.2,318,511.12,319.98,507.62,282.64,500.57,303.09,511.82,324,508.94,314.97,507.49,298.52,494.88,269.92,510.92,331,513.17,330,506.36,283.37,500.99,293.99,501.75,314.08,470.17,328.16,471.11,332.05,478.44,295.41,473.99,285.99,469.77,339.81,479.78,341.96,457.62,339.55,453.22,340.23,451.58,352.02,463.04,364.02,451.65,360.01,464.47,374,455.95,355.97,454.94,361.02,447.97,362,450.25,367.22,482.04,398.97,495.78,381.94,501.04,315.13,491.84,336.92,500.22,411.81,558.68,417.07,547.93,393.96,548.17,403.97,569.92,433.96,560.76,410.06,569.46,394.46,569.37,393.34,565.34,403.3,568.23,406.19,573.8,405.91,583.43,400.43,570.67,394.66,592.88,397.93,613.02,397.02,623.41,396.98,625.93,417,631.32,430,631.6,406.65,637.02,395.01,622.64,369.87,627.27,408,636.89,439.08,635.27,432,599.81,411.84,559.05,424.07,556.89,457.04,560.43,460.41,573.52,447.52,553.72,449.01,542.51,452.51,523.61,430.97,519.19,420.04,507.79,429.94,499.53,412,492.48,419.01,471.25,439.2,469.73,435.96,456.51,439.14,433.78,431.95,436.98,421.7,439.9,418.9,473.96,369.02,446.62,399,422.97,419.98,418.65,416.58,410.59,419.69,422.79,416.79,421.24,409.21,423.09,414.06,421.02,411.02,414,412,428.45,415.01,427,400,432.48,401,419.84,420.92,407.93,427.93,408.03,419.12,420.09,414.09,426.15,415.11,428.98,411.97,438,408.52,448.04,405.13,421.76,411.71
519.29,338.99,519.27,338.02,516.56,337.09,506.87,330,495.07,316.04,500.94,315.96,497.12,279.07,489.44,300.99,500.11,322.99,498.66,310.96,497.43,294.41,485.32,265.05,498.71,331,502.09,328.07,497.07,277.08,491.07,289.03,491.9,309.96,460.3,323.17,461.66,325.63,471.19,286.18,465.35,277.35,459.21,336.08,470.48,337.59,448.76,332.76,443.78,333.78,441.63,346.73,454.1,360.07,441.38,355.99,454.94,372.02,446.24,350.19,444.64,356.68,437.72,358.07,440.38,363.36,471.99,399,487.53,375.53,496.95,305.92,483.75,329.75,489.6,413,547.04,416.02,537.78,389.83,537.57,401,558.43,433.1,551.2,404.24,560.87,385.87,559.39,388.48,555.68,397.96,558.98,399.98,565.25,398.25,575.73,391.72,563.66,385.72,582.68,393.72,605.11,388.12,613.99,390.98,614.4,416,619.42,430,622.3,402.26,627.91,389.96,612.2,366.93,616.66,409.97,625.53,441,624.32,429.3,590.22,407.17,550.14,418.16,546.84,451.92,551.33,454.33,563.64,442.68,543.18,445.96,531.99,448.99,513.66,425.96,510.45,412.45,498.36,424.23,488.42,409.91,483,413,461.91,432.9,459.89,432.01,446.83,433.94,424.02,427.03,431.03,412.33,432.2,410.18,462.87,371.06,435.41,397.4,413.43,414.4,409.98,408.98,402.01,412.01,415.09,408.19,413.98,400.91,414.02,408.02,412.24,402.35,406.94,402.76,418.49,409.6,417.88,392.97,420.62,400.01,410.94,412.95,400.97,418.72,401.32,410.26,413.46,405.46,416.95,409.94,424.04,402.29,434.04,398.07,443.91,394.89,417.07,401.68
508.08,336.99,507.44,337.42,504.79,336.04,495.29,329.26,485.17,311.02,491.32,310.33,487.1,274.06,478.87,297.88,489.55,319.57,489.15,305.08,487.83,288.82,476.13,259.07,487.6,328.64,492.01,324,488.06,270.06,481.14,284.02,481.95,305.98,450.77,316.86,453.74,316.74,464.64,276.72,456.97,268.61,449.62,329.63,462.57,329.58,440.47,324.47,435.12,325.12,433,338.01,445.24,356.05,431.58,350.69,445.95,368.96,436.66,343.77,434.91,350.88,427.82,352.92,431.02,358.01,462.41,395.88,480.44,367.53,492.02,297.03,475.84,321.97,478.88,412,536.78,411.91,528.31,384.18,527.72,395.92,548.33,429.1,542.68,395.69,552.27,377.27,550.34,381.32,546.22,392.2,550.27,392.27,556.9,389.9,567.29,383.28,557.46,376.46,573.35,387.24,597.94,378.94,604.52,385.02,603.24,414.21,608.48,427.88,613.21,397.17,619.17,384.09,602.18,363.05,605.38,409.36,613.75,440.03,614.1,425.04,580.37,403.13,541.49,411.5,538.17,443.17,543.03,446.03,554.32,436.38,532.67,443.1,522.01,444,504.33,419.34,501.75,404.75,489.27,417.27,477.76,406.95,473.7,406.6,453.38,424.38,450.33,427.23,437.46,428.32,415.02,420.02,424.02,403.33,424.48,401.48,451.3,372,425.04,393.99,404.37,407.38,403.06,400.09,395.82,402.86,409.95,398.57,407.37,392.34,405.75,399.75,405.94,392.7,401.06,393.16,409.83,400.83,408.82,385.82,409.79,397.07,402.28,404.26,395.87,408.82,395.01,401.31,406.98,396.78,408.52,402.61,419.42,392.44,429,387.99,439.03,384.86,412.89,391.37
497.78,333.08,496.99,333.99,494.05,333.04,484.92,325.97,476.55,302.55,482.53,302.5,477.06,269.03,468.96,292.99,479.88,313.85,480.02,298.04,478.79,281.75,467.5,251.49,477.49,324.04,482.68,317.79,479.56,261.56,471.97,276.98,472.84,299.84,443.66,307.67,448.01,307.03,459.64,266.61,451.76,258.72,440.59,321.67,456.85,320.81,432.91,315.93,427.17,316.22,427.03,328.36,436.76,350.87,423.05,342.05,437.64,364.01,428.02,335.05,425.67,343.65,418.76,345.76,422.45,350.45,453.55,391.41,474.96,358.88,487.95,287.82,467.74,314.74,469.07,409.05,526.45,408.01,518.95,377.95,518.21,390.13,539.5,421.5,536.01,386.48,545.92,367.83,541.44,373.54,538.04,384.26,542.62,383.49,549.33,381.25,558.57,375.58,551.97,366.93,565.03,379.2,590.03,370.03,595.04,379.01,592.3,412,598.38,424.35,604.63,390.63,610.33,378.31,592.49,357.97,594.93,406.97,603.31,436,604.64,418.64,570.89,397.92,533.37,403.38,530.98,433.91,535.47,437.47,545.04,430.04,522.95,437.98,512.84,436.85,495.24,412.03,493.31,396.31,481.51,408.51,467.94,401.97,464.4,400.02,444.98,415.82,440.53,422.99,428.43,421.42,407.22,411.33,417.98,393.96,416.99,392.7,439.23,371.97,415.21,389.26,397.33,398.36,397.61,390.68,391.04,393.18,404.17,389.3,401.53,383.53,398.96,390.94,400.01,383.01,395.02,383.55,401.84,391.84,400.25,377.26,399.54,392.55,395.96,394.72,391.01,398.84,389.11,392.23,401.98,387.56,401.98,393.89,415.36,382.38,426.08,377.16,433.96,374.9,411,380.22
487.9,327.93,486.29,331.1,484.08,328.05,475.41,320.49,469.38,293.5,475.39,293.49,467.53,262.54,459.92,285.91,471.48,306.4,472.92,288.93,470.7,273.73,458.89,243.89,468.46,316.46,474.27,309.25,472.61,252.49,464.1,268.1,465.26,291.25,438.87,297.57,443.91,296.78,455.98,256.05,447.01,248.66,434.95,311.78,451.9,311.74,427.58,306.56,422.18,306.19,422.96,317.94,428.98,343.98,415.96,332.91,429.52,358.49,423,325,419.06,334.21,410.17,337.15,414.96,341.85,445.18,385.16,471.48,349.5,484.44,278.46,461.01,306.47,459.76,404.85,517.21,401.21,511.19,369.17,510.03,382.11,531.99,412.66,531.49,376.49,539.92,358.31,535.86,363.82,531.96,374.87,537.04,374.05,543.91,371.84,551.65,366.55,547.91,356.89,558.77,369.72,582.95,360.82,585.97,371.97,582.51,406.96,588.89,418.88,597.35,382.34,602.32,370.29,583.13,352.15,585.49,402.36,593.79,429.75,596,410,562.06,391.07,526.71,394.74,527.13,423.49,529.02,428.52,536.52,421.52,513.41,432.42,504.98,427.94,486.57,403.55,484.97,387.84,475.15,399.27,458.64,395.62,455.43,392.52,439.06,406.38,431.59,416.56,420,413,401.97,401.64,412.44,384.44,411.25,383.28,428.73,368.74,406.46,381.55,391.88,388.7,392.97,380.93,388.03,382.77,399.51,379.48,397.18,374.14,393.87,381.47,394.96,372.93,389.98,373.55,395.36,382.27,393.15,368.16,390.28,385.28,391.53,384.52,388.04,388.05,385.02,382.43,397.96,377.93,396.86,384.65,413.11,371.64,423.03,366.3,429.97,364.61,410.95,368.08
478.28,322.23,475.76,327.79,474.1,323.04,466.75,312.75,463.05,284.11,469.03,284.11,458.27,255.32,451.1,278.1,464.01,297.39,467.33,279.27,463.71,264.6,450.29,236.29,459.83,307.82,467.26,300.25,466.26,243.3,456.97,258.97,459.92,281.82,436.02,286.87,442.03,285.54,453.04,245.21,443.03,238.33,431.19,301.25,449.67,301.64,423.72,296.71,418.73,295.66,419.33,307.35,421.35,336.46,411.77,322.76,423.55,350.54,417.97,314.98,413.44,324.33,403.82,327.72,410.03,332.35,440.01,376.46,469.07,339.68,482.11,268.53,455.7,297.67,451.89,396.89,508.62,392.62,504.15,360.14,502.23,373.33,526.97,402.93,528.78,365.75,535.28,348.31,530.94,353.9,527.05,365.08,533.79,363.77,539.17,362.25,545.01,357.51,545.1,346.36,553.9,359.76,577.02,351.22,578.15,363.17,573.37,400.34,580.21,411.21,590.91,373.72,596.49,361.49,573.87,345.94,575.85,397.92,584.57,422.56,587.12,402.03,553.22,384.23,520.78,385.84,524.09,412.58,524.01,419.01,528,413,504.93,423.93,499.99,417.98,478.98,394.56,478.71,378.57,471.05,389.16,449.79,387.88,446.9,383.97,433.86,396.58,423.29,408.29,413.74,403.8,398.12,391.55,406.93,374.9,405.81,373.7,418.84,363.95,398.76,372.79,387.9,378.51,389.73,370.63,386.02,371.89,395.54,369.52,392.02,365.08,390.11,371.68,389.14,363.18,385.47,363.38,390,372.36,386.08,359.06,382.32,376.26,387.25,374.32,386.02,376.88,381.99,372.18,395.63,367.63,395.08,374.17,410.09,361.11,421,354.95,426.99,353.86,413.06,356.92
468.33,317.29,465.01,325,464.37,317.34,458.05,305.04,456.76,274.62,461.28,275.28,448.75,248.86,442.55,269.55,458.67,287.53,460.93,269.94,455.96,255.82,441.69,228.69,452.71,298.61,460.99,290.99,460.72,233.76,451.34,249.26,454.48,272.49,435.08,275.17,439.94,274.28,448.95,234.78,438.99,227.99,427.92,290.39,448,291.19,420.07,286.81,414.95,285.28,417.85,295.82,416.79,327.74,406.95,312.81,419.8,341.79,413.72,304.68,407.64,314.62,396.61,318.7,406.1,322.43,435.5,367.47,466.89,329.63,478.93,258.88,450.71,288.78,444.71,388.69,500.03,384.03,497.9,350.81,495.93,363.94,522.9,392.84,526.03,355.05,530.36,338.39,526.02,344.03,522.99,354.97,530.99,353.15,535.97,351.94,538.45,348.35,542.97,335.37,550.99,349.02,570.79,341.69,569.36,355.35,564.35,393.32,571.53,403.53,586.37,364.51,590.96,352.56,564.54,339.98,567.19,391.14,575.33,415.4,578.19,394.2,544.15,378.03,514.98,376.89,521.46,401.46,518.66,409.62,520.24,404.21,496.46,415.45,493.55,408.56,472.22,385.32,470.95,369.94,467.01,379.02,441.31,379.31,438.09,376.09,430.02,386.44,415.79,399.69,408.26,394.31,393.89,381.49,399.97,365.89,398.77,364.8,408.6,359.98,391.03,364.07,384.24,368.25,384.97,360.93,382.69,361.63,389.3,360.4,384.97,356.68,385.04,362.23,383,353.52,380.45,353.46,384.48,362.48,378.19,350.3,375.03,367.04,382.99,363.97,382.95,366.14,378.21,362.23,393.02,357.41,393.42,363.44,408.09,350.26,419.39,343.4,423.33,343.35,417.11,346.62
458.65,311.64,454.55,321.56,454.88,310.95,449.61,296.61,449.58,265.58,452.73,266.73,439.36,242.25,434.73,260.74,452.94,277.9,453.96,260.79,448.81,246.81,434.09,220.09,446.96,288.94,456.05,281.24,455.22,224.16,444.96,239.89,449.85,262.78,434,263.45,438,263.03,445.02,224.39,436.14,217.18,426,279,447.98,279.98,416,277,412.3,274.32,416,284.43,412.06,319.16,403.99,302.12,417.03,332.59,409.42,294.44,401.95,304.81,392.01,308.61,403.07,312.14,432.84,357.77,465.98,319.13,475.44,249.47,445.84,279.79,438.99,379.99,492.91,374.92,490.88,341.77,490.01,354.44,519.49,382.48,522.89,344.39,524.73,328.69,522.06,333.82,518.92,344.84,527.97,342.62,531.3,342.25,532.12,339.22,540.62,324.61,547.49,338.51,562.83,332.84,560.54,347.56,555.42,386.04,562.86,395.84,582.05,355.11,584.09,344.17,554.91,334.98,558.49,384.39,567.46,406.38,569.03,387.01,535.01,372,509.79,367.69,519.2,390.24,511.96,400.77,512.18,396.19,488.71,406.71,487.14,399.11,465.87,375.83,463.26,361.23,462.07,369.25,432.51,371.51,429.27,368.27,425.47,376.47,408.2,391.18,402.82,384.77,390.95,370.91,393.63,356.66,391.82,355.81,399.15,354.07,384.05,355.05,380.21,358.15,378.77,351.81,377.98,351.98,382.43,351.42,377.41,348.51,378.32,353.44,376.85,343.89,375.46,343.46,377.98,352.96,371.88,340.89,369.24,357.28,378.74,353.68,378.97,355.91,376.08,351.65,390.94,346.89,392,352.64,404.92,339.9,416.92,332.26,419.9,332.78,420.02,335.97
449.56,304.47,444.13,318.04,445.62,303.98,441.17,288.17,442.51,256.42,444.18,258.18,429.83,235.78,428.37,251.4,448.98,267.63,447.52,251.43,441.02,238.01,426.48,211.49,441.98,278.97,450.9,271.49,450.03,214.52,439.98,229.95,446.6,252.59,434,251.25,436,251.81,442.1,213.52,434,206.03,425.07,267.15,446,269.66,412.83,266.77,410.02,263.19,413.98,273.12,407.54,310.41,402,290.95,416.09,322.58,405.88,283.79,398.07,294.31,388.04,298.33,401.1,301.37,430.98,347.69,463.98,309.1,471.26,240.33,441.62,270.63,433.99,371.03,485.06,366.06,484.59,332.5,484.98,344.59,516.83,371.79,519.91,333.81,518.36,319.3,518.41,323.41,516.1,334.24,525.05,332.14,526.5,332.61,525.98,329.92,537.96,313.94,542.99,328.41,553.71,325.62,551.29,341.04,546.28,379.29,554.43,387.44,577.01,346.04,578.01,335.42,545.13,330.17,549.99,377,558.76,397.74,559.82,379.9,525.9,365.89,503.95,358.75,517,378.98,505.95,391.64,504.41,387.41,481.67,397.75,480.76,389.63,459.37,366.5,456.02,352.38,457.01,359.47,423.71,363.72,420.61,359.98,420.97,366.48,401.32,382.43,397.35,375.26,386.91,360.84,385.91,347.91,384.83,346.85,389.81,347.76,377.06,346.05,375.01,348.47,372.67,342.57,371.88,342.78,374.03,343.03,370.93,339.86,372.3,344.34,371.11,334.08,371.04,333.3,372.93,342.89,366,331.35,365.02,346.94,374.47,343.48,375.48,345.38,374.02,340.92,389.26,336.32,391.98,341.15,401.04,329.89,414.02,321.42,418.08,321.59,424.98,326.04
439.82,298.9,434.23,313.19,436.26,297.27,432.7,279.75,433.88,247.88,435.63,249.64,420.57,228.57,422.94,241.7,445.05,257.27,440.4,242.37,434.7,228.71,418.89,202.89,437,268.99,446.55,261.46,444.06,205.15,435.01,220.03,443.38,242.4,434,239.06,433.9,240.57,436.87,203.47,431.13,195.18,423.05,255.76,444.02,259.35,408.96,256.86,407.97,251.96,412.9,261.34,402.86,301.8,402.04,278.81,414,313.04,400.95,273.69,392.47,284.44,384.01,288.01,399.08,290.59,430,337.18,464,298.1,467.11,231.16,438.04,261.24,429.8,361.73,477.2,357.22,477.5,323.53,479.78,334.84,512.86,361.57,515,324.01,510.27,311.17,514.04,313.28,511.36,324.39,519.99,322.44,520.4,323.42,519.68,320.72,533.01,304.24,536.13,319.21,543.53,321.07,541.87,334.91,536.98,372.99,546.02,379.02,571.94,336.95,571.75,326.78,535.43,325.29,541.35,370.03,550.55,389.54,550.38,373.5,517.08,359.04,498.67,349.57,514.78,367.74,499.7,382.59,495.9,378.88,475.47,388.39,474.29,380.25,453.97,356.69,447.53,344.63,451.05,350.04,414.89,355.95,411.62,352.62,415.83,356.71,395.28,373.3,391.06,366.14,382.96,350.77,377.87,339.93,376.88,338.86,380.23,342.17,368.59,337.59,369.04,339.07,365.78,333.68,364.94,333.94,365.64,334.64,363.56,331.64,366.2,335.31,365.36,324.27,365.5,323.51,367.11,333.15,359.04,322.22,360.66,336.63,368.97,333.64,369.82,335.7,371.43,330.43,386.97,325.94,389.99,330.64,397.61,319.62,411.33,310.35,415.04,310.87,428.99,315.72
430.71,291.75,423.69,310.1,426.76,290.97,424.76,271.76,425.35,239.24,426.77,241.87,411.46,221,417.21,232.15,439.52,247.52,432.57,233.54,426.91,219.91,410.56,194.54,431.29,259.32,440.99,251.98,437.8,195.83,430.03,210.09,441.06,231.81,432.99,227.35,431.99,229.3,431.98,193.43,427.63,184.64,420.05,244.84,442,249.03,404.95,246.96,405.04,241.08,410.35,250.37,399.65,292.63,401.01,267.14,415,303.01,396.44,263.45,387.01,274.61,379.08,278.12,396.9,279.87,428.98,326.67,461.99,288.06,462.99,221.97,435,251.55,425.53,352.52,468.08,350.09,469.75,314.75,473.53,325.41,508.58,351.68,508.63,314.72,500.77,304.88,507.83,303.86,505.87,314.75,513.44,313.26,512.48,315.57,511.99,311.99,526.95,294.95,528.24,310.35,533.09,317.06,532.34,329.25,527.39,367.48,537.08,372.08,566.14,328.11,564.19,319.23,525.46,320.88,532.49,363.58,541.88,380.86,540.64,367.94,507.96,352.94,491.98,340.98,511.05,357.2,492.06,374.12,486.53,372.63,468.41,379.44,466.37,371.37,447.4,347.3,438.88,336.87,444.02,341.02,405.88,348.86,402.24,346.32,408.7,347.75,389.03,364.28,385.65,356.55,377.32,341.27,368.9,332.9,367.9,331.89,370.58,336.6,359.86,329.85,362.75,329.76,357.78,325.87,357.05,326.01,356.98,326.98,357.01,323.02,360.14,326.25,359.59,314.5,359.98,313.73,361,323.47,351.33,313.35,355.67,326.54,362.26,324.28,362.62,326.62,368.13,320.44,383.02,316.38,387.98,320.11,392.95,309.84,407.87,299.67,411.99,300.09,432,305.04
421.42,285.29,413.61,305.64,417.43,284.32,417.06,263.06,416.43,231.46,418.01,234.01,402.13,214.03,410.98,222.81,433.1,238.09,424.73,224.73,419.12,211.12,402.95,185.95,426,249.47,436.07,242.23,431.53,186.53,424.39,200.41,438,221.46,432,215.64,428.99,218.54,425.87,183.77,424.08,174.1,416.98,233.97,439.05,239.19,400.04,237.47,402.13,230.33,408.01,239.21,397.11,283.23,398.98,255.95,414,292.99,391.36,253.48,381.64,264.72,374.94,267.9,394.1,269.57,427.98,316.16,460.06,278.1,457.01,213.48,430.9,242.3,420.55,343.53,458.71,343.7,460.99,306.98,467.04,316.18,503.83,341.78,500.88,305.88,491.23,299.01,500.98,294.64,498.78,305.83,504.64,305.64,503.92,307.91,505.02,303.02,520.77,285.67,519.85,302.92,522.31,313.94,522.2,325.05,517.83,361.91,528.66,363.66,558.84,319.84,555.93,311.92,515.64,316.55,523.38,358.02,532.55,373.99,530.35,364.14,498.87,346.84,484.6,332.59,506.09,347.14,484.27,366.25,477.31,366.26,459.98,370.94,457.43,363.51,439.47,338.47,429.59,330.7,435.35,333.03,396.38,343.03,392.54,340.86,400.94,338.93,381.65,355.67,377.9,347.91,369.51,332.6,359.51,326.87,358.66,325.66,360.78,331.71,350.83,322.98,354.99,320.99,349.51,317.41,348.47,318.37,348.09,320.03,348.99,314.99,353.4,317.38,351.55,305.55,352.57,304.65,353.38,314.35,342.56,305.47,349.09,317.08,354.08,316.07,354,318,364.11,310.66,378.12,307.17,385.72,309.71,388.08,300.17,403.91,289.28,408.94,289.3,435.1,294.35
412.28,278.17,404.01,300,408.18,277.18,408.59,254.66,407.58,223.6,409.46,225.46,393.13,206.13,405.06,213.34,427,228.57,416.9,215.89,412.05,202.08,396.06,177.13,421.38,239.4,431,232.48,425.98,176.97,420.04,190.28,435.98,210.65,430.95,203.91,425.89,207.72,419.3,174.34,420.58,163.54,414,223.01,434.13,230.1,395,227.99,397.25,220.31,405.03,228.36,394.68,273.66,395.95,245.21,414.01,282.48,385.63,243.72,375.95,254.88,370,257.97,390.5,259.5,424.9,306.62,456,269,450.25,205.25,426.05,233.4,414.95,334.78,449.63,336.55,452.49,298.49,459.34,307.31,498.06,332.37,492.4,297.29,481.46,293.59,494.39,285.32,491.76,296.81,496.19,297.21,495.04,301.04,498.05,294.05,513.8,276.69,511.04,295.02,511.38,311.33,512.31,320.27,508.87,354.83,520.24,355.26,550.81,311.81,547.15,306.03,505.35,313.04,514.41,352.05,523.52,366.42,520.06,360.04,489.48,341.49,476.47,324.47,501.07,337.05,475.71,358.69,467.43,361.41,452.2,362.2,448.37,356.24,430.8,329.96,420.68,323.67,426.54,325.45,386.94,336.97,382.54,336.51,391.89,331.87,373.11,348.11,368.91,340.96,361.83,323.79,349.8,322.07,349.43,319.41,350.88,326.92,341.06,318.08,346.29,313.03,340.26,311.34,339.22,312.3,338.61,314.61,340.69,307.69,345.85,308.85,343.56,296.56,345.42,295.44,346.11,305.11,333.42,298.42,341.97,307.78,346.13,307.14,346.03,309.16,360.04,300.8,373.72,297.68,381.97,299.94,383.35,290.38,400.03,278.9,406,278.5,437.97,283.68
403.36,270.35,394.58,293.69,399.26,269.25,402.43,245.35,398.65,215.99,400.89,216.97,384.14,198.17,398.89,203.92,420.28,219.27,409.78,206.82,405.01,193.01,388.48,168.48,417.1,229.14,427.1,222.38,421.02,167.19,415.26,180.3,433.93,199.91,430.01,192.22,424.1,196.48,413.5,164.62,417,153,411.79,211.75,429.03,221.13,389.66,218.63,393.04,210.07,401.69,217.69,392.09,264.2,393.34,234.39,411.97,272.96,379.14,234.25,370.06,245.21,365.87,247.7,386.65,249.61,423.08,296.6,450.38,260.5,443.15,197.15,421.41,224.31,409.97,325.81,440.2,330.2,443.67,290.77,452.24,298.25,491.99,322.99,483.27,290.28,471.85,287.9,487.29,276.22,485.51,287.51,487.21,290.24,486.42,293.43,491.08,285.07,505.04,269.01,501.48,289.01,500.75,307.9,502.57,315.09,499.51,348.61,511.57,347.57,542.71,303.97,538.5,299.63,495.65,307.96,505.04,347.02,514.25,359.27,509.8,356.07,480.45,335.32,468.09,317.09,495.03,327.4,467.14,351.14,457.43,357.01,443.72,353.72,438.9,349.86,421.5,323.38,411.45,317.45,417.2,319.22,376.7,332.97,372.53,331.86,382.84,324.81,364.51,340.61,359.98,333.97,352.79,316.81,339.66,317.96,339.62,314.64,341.04,322.02,331.38,313.02,337.74,304.68,331.13,305.17,330.17,306.07,329.21,309.06,332.65,299.64,338.32,300.32,334.85,287.83,337.51,286.51,337.38,296.38,324.32,291.33,334.54,298.62,338.2,298.2,338.03,300.33,355.99,290.99,368.5,288.58,378.16,290.21,377.97,280.84,396.01,268.44,403.97,267.25,440,272.49
394.21,263.24,385.49,286.59,390.08,262.02,394.7,236.68,389.36,209.37,391.53,210.62,375.25,190.04,391.83,194.83,413.9,209.81,401.97,197.97,397.22,184.22,380.64,160.61,412.14,219.19,422.49,212.49,415.6,157.6,410.35,170.38,432,190,426.68,181.65,419.96,186.12,407.04,155.08,410.56,143.6,408.12,201.27,421.97,212.85,384.01,209.41,388.02,200.08,397,207.52,388.19,255.24,388.39,224.51,408.93,263.87,372.99,224.6,364.43,235.35,360.96,237.83,384.06,239.17,420.07,287.12,444.91,251.83,435.31,189.31,415.67,215.75,405.05,316.83,430.4,325.05,434.41,284.42,443.37,290.48,484.67,314.77,473.61,284.75,461.96,283.01,480.15,267.15,478.49,278.48,477.99,284,477.75,285.97,483.37,276.37,496.08,262.03,491.11,285.06,489.51,306.03,492.75,310.06,490.54,341.54,502.86,339.96,534.28,297.18,529.75,293.78,485.4,304.37,495.69,341.96,504.74,352.94,499,353,471.35,329.21,459.69,309.72,488.05,318.04,458.29,344.35,447.31,352.93,434.98,345.98,429.26,343.93,411.68,318.1,401.59,313.12,407.53,313.99,366.48,329.04,361.92,329.01,373.31,319,355.69,333.79,350.66,327.96,343.48,310.6,329.14,315.01,329.83,309.91,331.18,317.16,321.29,308.99,328.68,297.67,321.99,299,320.59,301.02,319.69,303.73,324.07,293.08,330.48,292.57,325.63,280.55,328.54,278.64,328.7,287.63,314.95,284.98,326.58,289.59,329.52,289.52,329.63,291.65,352.08,281.11,364.09,279.12,374.11,280.64,373.04,271.16,391.98,257.96,402,256.01,439.94,261.29
384.79,256.89,376.16,280.22,380.86,254.97,386.99,227.99,379.7,203.74,382.56,203.45,365.95,182.95,383.28,186.28,405.66,201.76,393.87,189.87,388.72,175.66,372.28,152.3,406.41,209.51,416.98,202.94,408.57,148.6,403.97,160.97,428.9,179.65,421.89,171.62,415.89,175.83,399.08,146.08,402.68,134.68,403.14,191.18,415.42,204.39,378.25,200.21,380.87,190.88,390.9,197.92,385.05,246.07,382.08,215.07,405.12,255.17,365.47,215.5,357.92,225.86,355.96,227.91,378.79,229.74,416.71,277.7,437.09,244.1,427.25,182.16,410.05,207.04,399.95,307.87,420.18,321.04,424.79,278.94,434.48,283,476.24,306.24,464.07,279.04,451.75,278.96,471.57,258.57,470,270,468.24,279.23,468.18,281.05,474.67,268.65,486.32,257.28,480.54,281.55,477.77,304.99,482.53,305.87,481.32,335.19,493.43,334.41,525.42,291.41,520.54,288.99,474.61,302.07,486.01,338.01,495.12,347.05,487.83,350.87,461.5,325.14,450.8,303.79,479.06,310.06,449.49,337.49,436.28,351.1,425.71,339.7,418.98,339.99,400.93,315.01,391.07,310,396.93,310.96,355.38,327,350.78,327,363.62,313.67,346.7,327.63,340.7,323.75,333.73,305.77,318.14,313,319.34,307.02,320.68,313.96,310.53,306.53,319.52,291.02,312.08,295.04,310.71,296.77,309.66,299.69,315.34,287.02,321.66,285.79,315.74,275.08,319.17,272.12,319.18,281.03,305.57,278.68,317.54,281.64,320.85,280.85,320.76,283.76,346.96,271.68,358.95,269.96,369.32,271.24,366.94,261.87,386.94,247.91,398.96,245.21,438.76,249.7
375.41,250.49,366.79,273.94,371.48,248.39,378.55,219.55,370.1,198.04,373.15,197.18,356.46,176.43,374.73,177.73,397.09,193.09,385.3,181.3,379.9,167.9,364.46,144.38,400.78,199.73,410.7,193.71,400.82,139.84,397.61,151.52,424.82,169.75,417.48,161.46,410.14,166.17,390.15,138.08,394.78,125.76,397.31,181.44,408.23,196.14,371.41,191.42,372.95,181.95,383.68,188.74,381.05,237.22,374.17,206.27,400.6,246.7,357.57,206.47,351,216.52,350.27,218.31,372.98,220.54,411.89,268.85,429.05,237.06,418.51,176.64,403.64,198.64,394.2,299.17,409.92,316.97,415.01,274,425.55,275.52,467.44,298.53,454.19,274.15,441.52,275.01,463,250,461.71,262.72,457.89,275.97,458.61,275.97,465.96,260.95,476.32,253.26,469.59,278.9,466.96,301.98,472.35,302.14,471.6,329.96,483.64,329.68,516.35,286.31,511.33,284.3,464.6,297.89,475.9,335.01,485.42,341.29,477.02,347.99,452.01,320.01,441.85,297.92,469.76,302.99,440.11,332.15,425.68,347.9,416.23,334.07,408.28,336.95,389.7,313,379.75,308.78,385.42,310,343.8,326,339.64,325.01,353.27,309.99,337.06,323.03,330.72,319.72,323.67,301.73,307.13,311.06,308.36,305,310.06,310.99,299.3,305.1,309.55,286.56,302.12,291.1,300.28,294.12,299.38,296.33,306.44,281.43,312.93,278.92,305.67,269.87,309.22,267.05,309.9,273.89,296.8,270.8,308.59,273.61,312.18,272.16,311.97,275.85,342.05,262.22,353.07,261.06,362.99,262.51,360.75,252.64,381.89,237.84,395.99,234.45,435.92,238.84
366.31,243.32,357.42,267.54,361.98,241.97,369.84,211.85,360.64,191.77,364.12,190.06,346.91,169.97,365.91,169.91,388.2,185.2,377.52,172.43,371.13,160.03,356.09,136.09,395.07,190.06,403.69,184.7,392.34,131.34,391.16,142.15,420.83,159.87,411.99,151.74,403.97,156.63,380.87,130.86,385.34,119.34,390.98,171.82,399.69,189.7,364.58,182.61,365.02,173.04,377.03,179.31,375.04,229.09,367.03,197.13,395.42,238.44,348.96,197.78,345.62,206.6,345,208.49,367.35,211.27,407.02,260.04,420.48,231.47,409.91,170.96,395.77,190.77,387.8,290.67,399.73,312.78,405.64,267.94,416.99,266.99,459,290,444.41,268.91,431.6,269.98,454.92,241.85,453.22,254.22,447.59,272.58,449.04,271.02,457.51,252.51,466.29,248.99,459.24,275.17,456.47,298.42,462.52,296.99,462.37,323.45,474.24,324.13,506.65,282.68,501.42,281.41,453.74,295.77,465.31,333.1,475.86,334.95,466.54,344.55,442.12,316.07,433.24,291.24,460.36,296.26,430.68,326.96,414.61,345.87,406.5,329.01,397.48,334,378.02,312.01,368.67,307,373.4,310,332.23,325,329.04,321.99,343.11,305.96,327.38,318.46,320.94,315.02,313.54,298.13,297.01,307.01,297.83,302.01,299.3,308.24,288.76,302.03,299.17,282.99,291.8,287.96,290.27,290.21,289.34,292.3,297.55,275.65,303.82,272.91,295.44,265.43,299.71,260.73,301.17,265.17,287.97,262.97,299.61,265.61,304.97,262.97,304,267,336.05,253.13,347.04,252.24,355.99,254,353.97,243.67,376.83,227.78,392.9,223.64,433.05,228.08
357.19,236.18,348.17,261.03,352.71,234.96,362.15,203.12,351.45,185.02,355.01,183.02,337.72,162.72,357.36,161.36,380.31,176.31,369.65,163.63,362.57,151.58,347.75,127.75,389.43,180.33,396.98,175.58,383.57,123.59,384.76,132.77,416.96,149.92,406.03,142.15,397.25,147.36,371.37,124.34,375.93,112.91,384.36,162.3,391.47,182.48,357.98,173.71,357.11,164.09,369.29,170.3,369.74,220.63,358.53,188.5,388.73,230.74,342.01,188.47,341.14,196.41,340.09,198.61,361.23,202.22,400.71,251.75,411.91,225.9,401.29,165.35,388.62,182.65,381.23,282.36,389.77,307.88,396.46,261.44,409.13,258.22,450.52,281.52,434.65,263.75,421.73,264.83,447.05,233.04,444.73,245.73,437.77,267.82,439.9,264.88,449.79,243.81,456.22,245.05,449,271,446.64,293.01,453.04,291.06,453.53,316,464.98,317.98,497.09,278.97,491.26,279.05,443.61,291.86,455.43,329.42,466.72,327.66,456.44,340.02,432.49,311.45,424.53,284.64,450.8,289.8,421.49,321.35,404.04,343.02,396.8,323.85,387.2,329.93,366.51,310.52,357.7,305.01,361.58,309.6,321.15,322.97,318.88,317.93,333.23,301.22,318.31,312.37,311.21,310.17,303.59,293.61,286.96,302.97,286.93,299.95,288.82,304.85,278.19,299.13,289.05,278.98,281.83,283.86,280.39,286.03,279.46,288.01,289.29,268.31,295.11,266.05,285.32,260.42,290.55,253.53,292.45,256.45,280.15,254.13,291.67,256.56,299.04,253.33,297.65,257.54,330.96,243.67,341.03,243.39,349.29,245.39,348.22,234.36,372.51,217.51,390.92,212.39,429.99,217.36
348.38,228.27,339.03,254.04,343.1,229.04,354.04,195.23,342.29,178.17,345.93,175.98,328.43,155.52,348.81,152.81,371.99,167.58,362.54,154.56,354.54,143.51,338.9,120.88,382.17,171.27,389.69,166.69,374.56,116.56,377.68,123.57,411.62,140.49,398.96,132.97,390.91,137.83,361.56,118.58,366.27,107.18,376.33,153.32,383.34,175.03,351.75,164.64,349.17,155.17,362.09,161.08,362.85,212.85,350.99,179.55,382.01,223.04,335.14,179.11,336.27,186.28,334.04,189.1,355.14,193.13,395.17,243.16,403.08,221.03,392.96,158.99,380.76,174.76,375.53,273.63,380.25,302.02,387.95,252.95,402.81,248.84,442.04,273.03,425.65,256.62,412.91,256.98,439.99,223.94,437.76,236.65,428.41,261.99,431.03,258.01,442.07,235.13,446.51,240,439.47,264.97,436.74,287.79,444.3,283.2,444.89,307.89,456.03,311.04,487.62,275.12,481.79,275.03,433.59,287.98,445.88,324.93,457.44,320.53,446.48,335.1,423.13,306.05,416.95,276.94,441.81,281.82,412.34,315.32,393.89,338.96,387.63,317.52,376.9,325.95,355.56,307.9,346.74,303.01,349.85,309,310.05,320.99,308.7,313.97,323.16,296.94,309.81,304.77,301.96,303.99,293.75,288.88,276.9,298.94,276.4,296.92,278.56,301.09,268.06,295.05,278.96,274.97,272.13,279.16,270.57,281.62,269.86,282.91,281,261,286.01,260.02,275.87,253.86,281.89,244.89,284.4,247.53,273.81,244.77,284.31,247.44,293.9,243.32,291.94,247.91,326.94,233.9,336.11,234.16,343.48,236.37,344.03,224.38,368.97,206.9,390,200.67,428.08,206.15
338.93,221.93,329.7,247.64,333.37,223.34,345.18,188.24,332.53,172.66,336.58,169.6,318.95,148.98,339.68,145.78,363.8,158.8,354.62,145.98,345.64,136,329.55,115.43,374.32,162.32,381.95,157.94,365.29,110.26,368.75,115.76,405.45,131.47,390.09,125.07,382.18,129.28,351.57,113.55,355.69,103.78,368.34,144.31,375.05,168.02,345.63,155.61,341.25,146.25,354.03,152.19,356,205,343.55,170.55,374.61,215.61,328.61,169.68,331.22,176.26,328.46,179.35,349.03,184.08,388.97,234.82,394.69,215,384.3,153.36,372.89,166.89,369.89,264.85,371.06,295.07,379.45,244.45,396.43,239.56,435.02,264.02,416.83,248.83,404.07,249.07,433.58,214.58,430.73,227.63,418.74,256.84,422.13,251.14,435.9,225.81,436.62,235.61,429.62,259.73,427.06,282.08,435.22,276.13,436.12,300.14,446.83,304.82,478.38,270.35,471.92,271.95,423.92,282.97,436.16,321.04,448.55,312.55,437.19,328.2,413.98,299.97,410.34,268.26,433.1,273.09,403.52,308.49,384.32,333.39,378.4,311.02,366.98,320.99,344.83,304.91,335.8,301.04,337.83,309,299.4,318,298.83,308.95,313.28,292.25,301.23,297.26,292.75,297.73,283.71,284.76,266.86,294.88,265.42,294.88,268.41,296.88,258.04,291.02,268.87,270.92,262.6,273.97,260.9,276.94,260.6,276.98,272.96,252.96,276.93,253.97,266.88,245.88,274.67,235.75,278.7,237.64,269.05,234.86,280.03,237.08,291.08,232.57,288.43,237.44,325,223.21,333.09,224.2,337.59,227.46,339.91,214.39,367.09,195.54,390,188.46,424.99,195.39
329.8,214.8,320.39,241.26,323.66,217.59,336.25,181.25,323.48,165.49,327.23,163.28,309.29,143.07,330.92,137.92,354.89,150.97,345.89,137.89,336.46,129.36,320.11,110.07,365.42,154.42,373.2,150.2,355.69,104.74,359.48,109.01,398.6,122.6,382.19,116.19,375.07,120.06,341.46,108.55,346.03,98.041,361.02,135.08,366.37,162.02,339.53,146.53,332.59,137.59,345.42,143.52,349.17,197.15,335.98,161.59,367.91,207.92,322.92,159.88,326.22,166.16,322.01,170.02,342.99,174.96,383.32,226.27,385.9,209.95,375.96,146.96,366.49,158.49,364.91,255.86,361.61,288.75,370.94,235.95,390.88,229.91,427.27,255.27,408.03,241.03,395.28,241.03,426.46,205.49,422.93,218.93,409.38,251,413.24,244.27,427.41,217.41,426.58,231.6,419.99,254,417.11,277.04,425.79,269.88,427.09,293.11,437.48,299.04,469.34,265.21,462.58,267.6,413.89,278.93,427.2,315.1,439.1,306.02,427.79,321.76,405.17,293.04,404.42,259.35,425.89,263.81,394.94,300.94,375.07,327.03,369.82,302.82,357.27,315.28,334.54,300.99,325.36,298.14,326.31,307.97,288.81,315.05,288.97,303.99,303.56,286.98,293.47,289.39,283.72,290.82,273.94,279.96,257.31,289.37,255.26,291.22,258.69,291.72,248.52,285.49,258.56,267.57,253.05,269.02,251.31,272.02,251.53,270.51,265.63,244.69,268.43,246.41,259.69,236.55,269.75,225.69,274.37,227.4,266.98,223.74,276.96,226.19,289,221.26,287,225.95,324,212,330,214.14,332.34,218.34,338.03,203.46,366,183.69,391,176.73,422.45,184.46
321.2,206.2,311.45,233.54,314.71,209.69,327.81,172.81,314.63,157.64,318.98,154.6,299.51,137.38,322.14,130.07,345.77,143.75,337.32,129.32,327.11,123.07,310.22,106.04,356.47,146.57,364.41,142.5,345.86,99.902,350.19,102.23,391.01,114.03,374.31,107.3,367.93,110.86,332.27,101.27,336.83,90.965,354.5,125.58,358.08,155.03,332.7,137.73,323.6,129.71,337.53,134.52,343.07,189.05,328.58,152.58,361.24,200.2,316.45,150.38,319.76,156.63,315.62,160.65,336.91,165.83,376.99,217.99,377.65,203.59,367.54,140.64,359.35,150.35,359.21,247.15,352.57,281.57,362.19,228.17,385.31,220.26,419.25,247.28,399.22,233.24,386.34,233.35,417.67,197.6,414.18,211.17,399.49,246.48,404.12,238.09,418.4,210.48,415.93,228.95,410.33,248.33,407.15,272.1,416.5,263.51,418.07,286.09,427.85,293.92,459.92,260.97,453.26,263.23,403.81,274.85,417.86,309.95,429.84,298.91,418.55,314.66,396.55,285.55,398.47,250.48,420.01,254.07,386.65,292.65,366.28,319.25,362.78,293.84,348.39,307.36,325.24,294.24,315.68,292.94,315.51,305.51,279.33,309.21,280.45,295.42,294.37,280.36,285.87,280.9,275.34,282.34,264.67,273.67,248.6,281.6,245.99,284.99,249.89,283.91,239.96,277.7,248.63,262.95,244.13,262.13,242.61,264.61,243.85,261.87,260.56,235.55,260.88,237.9,254.99,226.41,267,214.8,273,215.72,267.03,212.6,277.81,214.23,290.01,209.48,288.03,214.26,324.96,200.8,328,203.65,328.67,208.62,338,191.55,367.07,171.9,391.98,165.03,419.96,173.52
313.28,197.38,305.11,224.16,308.02,200.33,319.38,164.36,306.04,149.05,310.97,145.87,289.95,130.95,313.29,122.29,337.13,135.14,328.48,121.51,317.21,118.26,299.94,102.96,347.89,137.89,355.98,133.98,336.46,94.002,341.32,94.357,383.42,105.42,365.72,98.651,360.78,101.67,323.03,94.04,326.82,86.031,347.27,116.27,349.83,147.83,325.95,128.86,314.41,122.52,328.06,128.02,336.99,180.95,319.63,144.97,354.57,192.47,309.15,141.25,312.46,147.45,307.78,151.77,330.01,157.05,369.95,209.95,369.06,198.02,359.19,134.25,351.48,142.48,353.52,238.41,343.25,275.06,353.21,221.1,378.23,211.19,410.01,241,389.89,226.95,376.96,226.97,408,192,404.86,204.96,389.15,243.01,394.68,232.72,409.23,204.18,405.62,225.63,400.18,243.96,396.77,267.96,407.18,257.16,408.74,279.96,417.86,289.96,450.57,256.59,443.46,260.01,393.8,270.86,408.63,304.66,420.36,292.47,409.72,306.69,387.95,277.98,394,241.01,414.32,244.24,378.35,284.35,359.97,309.95,357.27,284.28,341.99,297.95,318.07,285.1,307.07,285.06,305.71,300.68,270.43,301.52,274.07,286.08,287.05,271.43,281.25,271.32,267.64,273.65,256.94,264.91,242.32,272.35,238.01,276.38,244.29,274.33,234.25,268.26,239.69,255.7,235.77,253.75,235.78,255.66,238.41,252.4,256.95,225.93,256.14,228.4,254,214.55,267.99,203.01,274.01,203.87,270.03,201.95,279.98,203.03,292.55,198.44,291.31,203.69,328.28,190.66,328,192.2,326.02,198.42,340.02,180.58,369.03,160.49,394,153.77,416.96,162.76
306.15,188.25,300.04,214.33,301.95,190.73,312.44,155.37,298.93,139.94,303.96,136.76,280.73,123.7,304.48,114.48,328.25,127.25,319.65,113.67,307.89,111.96,290.28,99.742,339,130,346.98,126.99,326.37,90.138,331.94,87.975,374.86,97.818,356.36,92.026,352.12,93.063,313.53,87.536,315.99,82.991,338.23,108.31,341.87,139.87,318.34,120.33,304.47,117.49,318.01,123.01,330.84,172.86,310.13,139.05,347.83,184.83,300.98,132.98,303.52,139.44,299.66,143.65,321.5,149.46,362.91,201.91,360.55,192.43,350.82,127.98,343.46,135.01,347.02,230.02,333.37,270.03,343.33,216.3,369.16,204.03,400.24,236.18,379.74,222.79,367.38,221.24,397.76,187.82,394.31,201.99,378.18,241,384.76,228.79,398.86,200.89,394.91,222.95,389.42,241,386.43,264,397.09,253.05,398.96,274.99,407.88,285.93,441.26,252.21,434.02,256.02,383.51,267.52,399.16,300.03,410.96,285.98,400.74,298.96,379.53,270,389.64,231.5,407.03,235.06,370.79,275.79,354.03,300.54,354.03,273.86,338.03,287.62,314.02,274.83,302.03,275.39,297.21,292.19,265.64,291.64,272,275,283.12,261.16,278.05,261.08,262.13,264.15,252.1,255.18,238.95,261.92,233.48,266.48,240.99,263.77,232,257.44,232.99,246.53,230.31,244.32,231,246.02,236,241.67,254,215.99,253.06,218.13,254.53,202.47,270.09,191.76,277,193.02,274.21,191.83,285.02,192.97,296.11,187.87,296.2,193.67,332.19,180.76,329.96,181.69,326,186.93,344,170.5,371.05,149.14,394,141.56,411.88,152.89
299.97,178.76,296.76,203.73,298.22,180.29,306.02,146.22,293.27,130.31,297.46,127.5,272.02,115.01,295.93,105.92,319.62,118.62,310.61,106.53,297.25,109.05,278.63,100,329.57,123.57,337.4,121.46,315.77,87.002,321.14,84.999,365.73,91.716,346.6,86.586,342.54,86.986,302.88,83.994,305.43,79.415,328.29,103.13,333.92,131.9,309.29,114.24,293.43,115,307.41,119.39,325.52,164.44,299.58,135.59,340.4,177.4,291.67,125.97,293.97,132.99,290.26,137.27,312.54,143,355.88,193.86,351.89,186.96,341.96,122.98,334.94,128.94,340.57,221.56,323.48,264.87,333.28,212.21,360.05,197.05,390.18,232.05,369.57,218.62,357.18,217.12,387.02,185,383.5,199.5,366.25,240.9,374.54,225.55,388.74,197.05,383.47,222,378.71,238.01,376.11,259.96,386.92,248.95,389.24,270.05,397.67,282.67,431.39,249.03,424.15,253.1,373.23,264.19,390.41,293.39,401.25,280.2,391.64,291.64,370.81,262.81,384.02,222.55,399.79,225.79,362.45,267.54,348.95,290.73,350.99,263.29,335.99,276.38,314,262.63,299.04,264.88,291.89,282.5,264,280.33,271.98,262.9,282.02,249.65,278.38,249.6,260,253.32,250,244.11,239.07,250.85,231.9,255.26,241.17,251.79,232.01,246.42,228.58,236.55,228,233.58,230,234.68,235.96,229.81,253.99,204.62,252,206.9,258.15,191.88,273.75,181.29,280.88,182.61,279.87,182.25,290.01,182.93,299.86,177.43,301.96,184.07,337.56,171.46,333.19,171.75,328.96,176.88,349.14,160.9,372,137.32,392.12,130.35,404.97,143.68
294.11,169.23,293.99,192.93,294.77,169.76,299.97,136.93,287.87,120.52,290.41,118.41,262.69,107.97,286.65,99.547,310.76,110.71,300.57,101.99,287.05,105.03,267.33,99.029,319.89,117.85,327.87,115.92,303.76,87,310.58,81.571,356.05,86.981,336.03,82.995,331.3,85.122,292.37,79.994,293.9,79.984,317.83,98.985,325.47,125.38,299.6,109.65,282.14,113,296.28,116.94,319.41,156.34,288.76,132.8,332.97,169.97,281.72,120.76,284.22,127.17,280.89,130.87,303.29,137.31,347.61,187.53,343.09,182.06,332.8,118.82,326.29,123.27,332.39,214.37,313.25,261.04,323.2,208.05,350.62,190.98,380.1,228.03,359.25,214.92,347.23,212.18,375.85,183,372.47,197.47,354.78,242,363.97,222.98,378.76,192.79,372.5,220.09,368.01,235,365.84,255.91,376.82,244.84,379.5,265.13,387.92,277.95,421.35,246.32,414.35,250.13,362.84,261.02,381.14,288.16,391.3,275.01,382.28,285.02,362.49,254.49,377.76,213.74,390.49,218.58,354.93,258.94,344.86,280.62,348.95,252.25,335.98,264.17,314,250.44,298,253.43,290.29,271.31,265.87,269.28,276.04,252.73,285.02,239.07,281.56,239.45,261.07,241.86,252.01,233.06,241.06,239.93,235.1,244.87,243.99,241.01,234.39,235.62,228,224.81,229.07,222.23,233.1,224.34,240.04,219.86,255.98,194.23,253.12,195.68,263.22,181.84,278.75,171.29,285.58,172.4,284.97,172.41,295.09,172.84,304,167.01,306.92,174.12,341.93,161.8,336.95,162.16,332.99,167.29,354.06,151.18,369.97,125.96,386.51,120.62,396.58,135.68
289.04,159.33,291.91,181.87,289.99,159.72,293.68,127.73,282.7,110.78,281.87,109.85,253,102,276.74,94.747,301.05,105.07,289.94,99,275.03,105,256.51,100.97,309.66,113.68,317.38,113.1,292.23,88.012,299.62,79.028,345.24,85,324.8,80.999,320.94,81.007,280.53,79.002,283.13,83.012,306.44,97,316.4,120.4,289.16,107.01,269.94,112.96,284.96,114.98,313.21,148.34,277.98,130,325.25,163.29,271.97,115.01,273.87,122.92,271.27,125.18,293.66,132.7,338.7,182.76,333.71,178.74,323.33,115.32,316.25,121.09,324.24,207.15,303.04,257.03,313.1,204.03,340.8,185.87,370.04,224.03,348.75,211.78,337.03,208.02,364.68,180.89,360.69,197,343.85,242.11,353.15,220.99,368.69,189.09,361.51,218,357.31,231.99,355.09,253.05,366.55,240.99,369.55,260.56,377.96,273.95,411.15,243.95,404.46,247.01,352.25,258.23,372.42,281.45,381.3,270.04,373.05,278.03,353.91,246.91,371.09,205.11,381.03,212.01,347.36,250.39,341.35,270.4,346.47,241.45,333.95,252.9,315.89,239.14,297.9,241.51,290.99,259.93,271,259.47,281.02,242.92,289.04,228.93,285.4,229.58,264.44,231.58,256.06,222.91,246.67,230.46,239.9,235.13,248.1,230.86,239.19,225.86,230.9,214.12,232.85,212.2,237.44,214.54,244.82,210.19,258.87,184.34,256.13,185.47,268.99,172.04,282.98,161.03,289.89,162.13,290.01,162.53,298.71,162.35,307.06,156.17,310.39,163.59,345.99,152.02,342.04,152.91,337.99,158.03,357.15,140.82,366.35,115.37,379.41,111.41,387.57,128.45
282.84,149.86,289.1,171.2,284.07,150.07,286.72,118.75,276.39,101.33,272.34,104.13,242.51,97.997,265.94,91.965,290.73,100.89,279.21,97.839,263.31,105.72,245.23,101.9,298.5,111.5,306.34,111,280.72,88.94,288.86,82.093,334.44,82.917,313.09,79.996,309.8,79.167,270.03,82.988,273.65,89.347,294.09,97,306.53,117.51,278.41,105.02,258.14,111.93,273.2,116,306.17,141.17,266.54,128.55,317.39,157.25,261.94,109.96,264.17,117.1,261.05,120.98,284.08,128.05,329.54,179,324.41,175.36,312.89,114.02,306.57,118,315.48,201.48,293.13,252.04,303.01,200,330.96,180.98,359.56,220.87,338.04,208.99,327.12,202.98,352.56,181,349.17,196,332.33,243,342.77,217.89,358.44,185.45,350.37,216.34,346.77,228.78,344.81,248.91,356.37,237.13,359.64,255.97,368.2,269.26,401.18,241.14,395.01,243,341.88,255.02,363.62,274.99,371.47,264.5,363.37,272.34,345.33,239.33,362.72,197.72,371.29,206.23,338.5,243.59,335.94,260.73,341.99,231.56,331.79,241.76,316,227.02,300,230.55,292.98,248.89,277.71,250.3,286.65,233.29,294.66,219.38,290.94,220.35,269.94,222.09,263.09,213.91,253.62,221.4,246.9,226.18,253.79,221.34,246.16,216.84,234.99,204.02,238.26,202.73,243.61,205.41,252.65,202.02,263.86,175.19,260.99,176.04,276.04,162.73,288.03,151.08,292.07,150.91,293.87,152.33,301.62,151.4,308,144.41,313,152.71,347.89,141.35,345.04,142.92,343.12,148.82,359,129.79,360.99,105.44,370.58,103.45,377.61,123.6
274.99,140.99,284.02,161.39,275.84,141.91,277.78,111.77,267.33,94.019,261.66,101,230.67,97,254.3,90.999,278.55,100.97,268.09,99.928,252.35,108,235.81,107.21,287.36,112.67,294.83,111.98,271,94.001,277.61,83.939,323.62,81,302.75,83.92,299.84,84.062,260.07,85.977,266.49,98.504,282.72,98.969,296.48,115.1,267.17,104,246.38,112.89,261.87,114,298.08,135.05,255.14,127,308.76,152.95,251.16,107.08,253.79,112.9,250.54,117.58,274.24,123.92,320.28,175.22,314.99,171.99,302.28,113,296.56,115.6,306.8,195.73,283.17,247.13,292.44,197.1,319.9,178.93,348.69,218.7,326.93,207,316.55,199.58,341.39,183.08,337.16,196.02,320.87,242.02,331.99,216,347.71,183.01,339.07,215,336.33,224.99,333.99,246,346.15,232.97,349.62,251.68,358.48,264.48,390.89,239.01,385.17,239.99,331.31,252.25,354.67,268.78,360.84,261.03,353.53,266.98,336.66,231.97,354.07,191.08,360.5,203.02,329.51,237.4,328.76,251.76,335.4,222.41,327.57,231.44,313.16,216.19,300,218.62,296.01,238.33,285.5,241.5,293.02,223.94,300.26,209.78,296.97,211.24,277.62,213.38,271.51,205.39,262.54,214.33,254.58,217.45,260.78,212.19,254.57,208.32,242.75,195.24,246.9,195.1,252.29,197.83,261.12,193.86,268.95,166.08,266.31,166.7,281.99,153.03,291.51,140.5,294.36,139.62,296,141.18,302,139.25,306.87,132.62,312.97,140.53,348.99,131.06,346,131.97,346,138.72,358.12,118.38,353.33,96.356,360.53,98.542,367.39,119.34
265.88,133.84,277.22,152.18,266.57,134.98,268.61,105.49,257.58,88.607,249.57,101,219.31,99.095,243.18,93.061,268.22,102.81,257.94,104.03,242.72,113.36,227.46,115.53,276.28,115.09,284.21,114.82,261.97,101.03,267.74,89.168,312.77,83.096,291.7,86.288,289.55,86.131,251.79,94.188,262.26,108.71,271.88,101.96,286.19,113,256.41,104.09,235.09,115,249.61,113.92,289.43,130.41,243.97,125,300.09,149.05,240.28,104.1,243.4,108.91,239.62,114.97,263.99,121,310.55,172.53,304.98,169.99,291.2,113,286.23,114.09,298.05,190.06,272.96,243,281.89,193.94,308.72,177,337.95,216.01,315.82,204.99,305.63,196.89,330.26,185.01,325.64,196.92,309.41,241.02,321.62,212.99,336.73,181,328.1,212.98,325.61,222.11,322.86,243.89,335.34,230.32,339.38,248.02,348.66,259.96,380.51,236.99,375.46,236.46,320.93,249.01,345.99,262,350.61,256.62,343.69,261.72,327.92,224.9,345.14,185.19,349.14,201,318.93,234.99,319.74,244.69,326.34,215.45,320.29,222.4,308.91,205.92,298.45,207.45,298,227.28,293.03,232.6,299.35,214.61,305.85,200.2,302.98,202.13,286.06,204.94,280.77,199.13,271.89,208.15,263.28,209.72,267.9,203.18,263.62,201.38,251.72,188.02,256.08,188.95,261.11,190.87,270.38,187.75,274.81,157.31,272.31,157.59,285.97,142.58,292.3,129.33,293.99,128.08,296,130.02,300.6,127.58,303.91,121.89,311.14,129.35,347.19,120.23,346,120.52,348,128.17,354.04,108.31,344.13,89.048,349.95,94.968,356.33,116.99
255.6,129.65,268.16,145.07,256.21,131.01,258.31,101.93,246.67,85.999,238.88,104.04,209.2,103.76,233,97,257.7,106.31,248.58,110.42,233.89,121.11,222.02,124.93,266.28,119.76,274.17,118.98,254.06,109.71,258.97,97.103,301.5,84.029,282.02,91.975,280.23,92.769,245.99,103.96,260.01,119.83,261.59,106.39,275.61,111.63,244.79,104.17,223.34,115.89,238.32,115.88,280.7,125.87,231.83,125.04,291,146,229,102,232.36,106.33,228.44,112.97,253.24,119.11,301.13,169.1,295.43,166.92,280.11,113,276.05,112,289.09,184.97,262.72,238.77,270.83,191.89,297.11,176,326.9,213.95,303.75,205,293.98,196,319.68,188.26,314.6,199.02,297.47,241,310.75,211,324.79,181,316.16,212.98,314.84,218.92,311.99,241,324.62,227.64,329.29,244.04,338.47,256.43,370.15,235,365.84,232.93,310.41,246.02,337.26,255.31,340.03,253.01,333.65,257.11,319.39,217.28,335.73,180.74,336.8,201,308.14,233,309.88,239.9,316.82,209.95,312.23,214.13,301.05,197.02,293.75,197.65,296.86,215.82,298.09,222.83,302.85,204.19,309.94,190.08,307.92,192.63,294.01,196.99,289.87,192.22,280.6,200.39,271.77,201.34,274.22,193.84,271.66,193.44,261.1,181.95,265.5,183.51,270.29,184.74,278.97,180.03,279.87,148.17,278.4,148.55,288,131.23,290.96,117.7,291.94,116.66,293.16,119.21,296.06,117.32,297.47,112.39,304.97,119.81,342.98,110.43,344.04,110.06,346.43,117.44,347.24,99.337,334.05,84.003,338.76,95.006,345.44,115.57
243.77,129,257.9,140.93,244.94,130.99,246.39,101.99,235.02,87.003,229.52,110.4,201.25,112.76,224.42,105.49,248.98,114.25,241.94,119.7,227.88,130.58,220,135.75,257.36,127.64,265.65,127.34,248.99,119.48,253.23,106.72,291.61,88.016,274.16,100.88,273.07,101.94,244,115.29,261.36,131.39,252.34,113.66,264.65,111.02,233.47,104.9,213.36,121.07,227.35,118.67,271.49,123.13,220.63,122.89,282.36,141.89,217.15,101,221.18,103.96,217.26,111.01,242.92,115.96,291.11,167.08,285.4,165.02,270.02,115.01,265.4,111,279.79,180.9,252.37,235.11,259.23,191,285.5,176.99,315.41,213,291.67,205,281.83,196.01,309.57,192.42,303.59,200.91,285.53,241,299.45,210.11,313.34,180.03,304.79,211.83,303.62,217.03,300.71,239,313.79,225,318.81,240.84,328.62,251.97,359.74,232.99,355.32,231.3,300.28,242.22,328.33,249.28,329.72,248.91,323.69,251.96,310.19,211.26,325.96,176.97,325.46,202.97,296.88,231.92,299.72,236.03,306.16,207.13,301.94,209.96,291.1,192.03,285.66,189.99,291.99,205.96,299.12,212.17,302.98,193.14,310,178.09,311.07,182.32,300,187.65,295.96,182.86,287.62,191.4,277.2,191.74,277.97,183.57,277.89,184.16,269.84,174.16,274.37,176.6,278.9,177.09,286.68,171.43,283.45,138.52,282.1,138.66,286.05,119.85,285.81,107.81,285.98,106.98,286.81,109.82,288.99,108,287.65,106.78,297.73,110.69,337.03,101.36,338.9,100.91,343.47,107.38,339.09,92.063,322.67,81.991,327.32,96.687,334.96,117
232.99,132.01,246.72,139,233.71,133.23,235.9,105.13,224.79,91.114,223.97,120.05,197.02,123.13,220.02,115.6,243.91,124.18,239.03,130.39,225.59,141.42,219.99,147.54,250.94,137.09,259.37,136.61,246,130.09,249.77,117.26,282.34,93.679,268.47,110.54,268.86,112.17,245.07,127.14,264.21,142.25,244.29,122.61,253.93,112.05,222.71,106.94,202.59,121.96,216.67,122.04,262.23,119.93,208.7,123.33,273.32,138.99,205.34,100,209.24,103.2,205.59,110,231.47,115.46,280.66,166.03,275.37,162.92,259.44,115.89,254.27,111,270.36,177.32,242.08,230.97,247.21,191,274.61,179.39,303.41,213,280.1,205.95,270.63,198.13,299.92,198.02,293.43,205.1,274.07,240,288.11,209,301.89,180.98,293.24,211,291.45,217.01,289.42,236.97,302.7,223,308.61,236.9,318.13,249.07,349.37,230.92,345.12,229.01,289.85,239.01,319.05,244.02,318.89,245.94,313.54,247.55,301.16,205.08,315.38,175.11,314.07,205,285.67,232.99,288.16,235,294.25,207,291.1,207,280.31,188.93,275.69,185.75,284.68,197.67,296.37,201.39,298.92,182.94,305.93,167.85,309.99,172.08,302,176.66,298,171.81,291,180.99,280,181.12,278.95,172.91,281.13,173.63,276.95,165.16,280.49,167.41,284.31,167.68,290,161.11,284,127.43,283.1,127.47,280.12,110.13,277.11,101.04,276.53,100.42,277.25,103.96,278.85,102.99,277.16,103,287.53,106.51,328.52,94.427,332.28,92.28,337.58,98.458,329.07,87.993,310.83,82.997,316.54,99.488,323.77,119.1
223.33,137.68,235.11,139.94,224.04,138.96,226.92,112.08,216.25,99.74,220.95,130.72,196.99,135.45,218,126.74,241.89,135.39,237.99,141.99,226,152.7,222.23,158.25,246.87,147.37,255.3,146.64,245,141.61,247.02,128.1,274.01,101.99,264.97,121.06,266,123,248.01,137.98,269.05,152.26,237.94,132.26,244.06,114.96,212.47,109.86,191.84,124.98,205.8,125.1,252.34,118.32,197.35,123,264.25,135.99,193.54,100.91,197.51,102.03,193.92,109,220.44,115.97,270.15,165.01,264.39,163.11,249.55,118.45,243.14,111,260.84,173.86,231.89,226.97,235.2,190.91,264.2,183.07,291.9,214,269.03,207.98,259.51,199.87,290.03,202.98,282.57,207.41,262.61,238.97,276.31,209,290.91,183,281.3,211,279.84,215.87,278.6,233.98,291.11,222.01,298.09,233.98,308.07,245.02,338.99,228.99,334.76,226.91,279.36,236.13,309.53,239.53,308.49,242,303.42,243.14,291.64,199.98,304.87,173,302.73,207.01,274.89,235.06,276.61,234.08,282.83,208.14,279.88,207,269.05,190.97,264.13,185,275.17,192.11,290.06,192.06,291.57,174.59,298.58,159.57,305.41,162.43,299.97,165.65,295.89,160.83,289.67,169.65,278.07,170.12,276.22,162.16,280.99,162.64,281.03,154.96,283.99,157.24,287,157.1,289.98,149.24,281.01,117.44,279.42,117.43,270.46,103.87,266.27,98.089,265.29,98.158,265.63,102.99,267,102,265.38,104,276.04,105,318.39,91.022,323.66,85.65,329.83,90.946,317.64,86.994,300.36,86.863,306.54,104.45,313.07,121.95
216.22,146.83,225.52,145.57,216.13,147.9,219.96,121.07,210.62,109.42,220.01,141.32,199.99,146.35,219.01,138.35,243,147.09,239.97,153.14,228.03,163.77,226.15,168.27,244,158.13,253.1,157.55,244.02,153.13,245,139.3,267.91,111.12,261.98,131.85,266.88,134.75,253.02,148.02,274.04,162.21,232.01,141.98,234.23,117.96,202.68,114.03,180.53,126.99,195.03,128,242.28,117,185.2,123,254.82,133.85,181.71,102,185.68,101,182.26,107.97,209.2,114.91,259.64,166,254.36,161,239.24,119.89,232.51,111.9,250.98,171,221.44,223.43,224.11,193.02,254.29,187.75,280.38,215,257.96,210.03,248.78,202.96,280.15,207.95,271.81,209.94,252.57,237.03,264.5,209.03,279.63,184.35,270.29,209,268.07,215,267.85,231.02,279.51,221,287.49,231.13,298.02,241.01,328.15,227.97,323.89,225.94,269.26,232.19,300.02,235.01,297.75,238.77,293.59,237.65,282.39,194.36,294.33,170.99,291.37,208.98,263.17,235,265.05,233,271.81,210.16,268.14,207.96,258.21,193.81,252.79,186.19,263.67,191,280.49,186.46,281.96,168.97,288.76,154.73,297.59,154.61,294.22,156.25,288.83,151.98,283.39,160.41,271.88,160.85,269.17,153.09,275.91,152.92,280.07,143.44,281.47,146.59,284,146.65,284.76,139.66,274.69,108.99,273.4,108.32,258.64,102.92,255.53,98.868,254.45,100.98,254.93,106.03,256.09,104.97,254.56,106.91,264.34,106.01,306.7,90.935,313.41,82.892,320.13,87.069,306.71,88.962,290.45,92.448,296.8,110.05,301.93,123.99
212,157.02,216.61,153.32,211.9,158.13,216.01,131.09,207.99,120.26,222.02,152.43,203.98,156.78,221.01,149.48,244.55,158.52,243.55,163.56,231.97,173.93,231.63,177.53,241.8,169.24,250.02,168.12,244.01,165.14,242.9,150.51,262.51,120.48,259.99,143.02,268.01,145.5,260.24,157.27,279.05,172.16,225.51,151.53,224.87,122.09,192.87,118.04,168.77,128.01,184.24,130.99,231.56,117,173.54,121.99,245.68,131.1,169.91,103,174.82,99.898,171.07,106,197.94,116,249.13,167,243.36,161,229.58,123.13,222.33,113.97,240.85,168.88,211.35,218.89,213.67,196.3,244.34,192.58,268.87,216,247.27,212.98,238.44,206.61,270.51,213.52,261.15,212.88,240.64,237.08,253.66,211.01,268,185,258.35,209.01,255.89,215,256.58,229.1,267.43,221,277.27,227.23,288.32,236.25,317.29,226.97,312.7,225.73,258.83,229.06,290.32,231.04,287.23,235.02,283.54,232.99,273,189.01,283.24,170.18,279.04,208.99,251.44,235,253,233,261.17,212.93,257.26,210.8,248.59,199.52,243.27,191.67,252.59,192.99,269.09,185,269.88,169.01,278.03,153.98,287.66,150.69,285.03,150.01,279.07,147.05,273.81,154.91,262.13,155.95,258.94,149,266.91,145.96,273.28,134.31,274.33,138.39,277.04,139.01,275.36,133.93,265.41,104.39,264.02,103.02,247.79,106.1,245.93,105.03,244.49,106.4,244.73,110.15,245.99,110,244.15,110.9,253.16,107.92,296.41,94.085,302.92,83.001,309.56,85,297.07,93.962,280.99,99.004,286.84,114.95,290.75,126
210,168.21,211.78,163.29,210,169.47,215,142.54,209.01,130.93,225.75,162.68,211.8,165.8,224.96,159.64,248.04,169.06,247.72,173.79,237.54,183.53,236.98,186.94,240.01,180.59,249,179.63,244,176.16,241.02,161.71,257.95,130.17,256.97,153.81,270,156.78,266.72,166.79,282.67,182.62,218.97,161.03,216.19,127.97,183.34,122.78,158.01,129,172.96,132.99,220.9,117.08,161.88,121,236.15,129.07,158.09,104.02,162.53,100,159.4,105.02,186.19,116,238.62,168.01,232.36,161,219.65,125.34,212.18,116.01,231.34,165.31,200.73,215.79,203.58,200.37,235.31,199.7,257.36,217,236.44,215.58,228.31,210.96,260.81,219.05,249.79,214.17,229.66,235,242.37,211.87,256.55,186,247.38,207.02,244.2,214,246.14,225.11,255.35,220.97,267.46,222.44,278.52,231.53,306.97,224.98,301.71,225,248.83,225.06,280.96,225.98,276.54,231.58,273.72,227.67,263.9,182.89,273.24,166.95,268.13,206.08,240.7,233.03,241.91,230.95,251.04,216.97,247.03,214.99,239.38,206.61,234.88,200.15,242.86,198.17,257.98,187,259.44,172.58,267.56,157.45,277.26,150.01,273.62,148.92,267.62,147.93,261.85,154.97,251.18,156,247.38,149.86,255.45,145.03,263.22,129.93,264.04,135,266.99,135,264.01,132.99,254.25,103.9,252.38,102.89,238.33,112.67,237.02,112.98,235.27,113.68,235.24,115.95,236.47,116.51,233.76,114.92,241.97,110.02,286.4,97.588,292.42,84.974,298.98,87.012,287.41,98.957,271.51,105.5,276.56,119.04,279.07,127
210.96,179.94,208.97,174.05,211.11,181.14,216,153.99,212.01,141.59,231,172.45,220.69,173.94,230.39,169.31,252.99,178.98,253.1,183.51,243.07,193.16,243.05,196.12,237.46,191.54,247.2,190.74,243.1,187.66,239.03,172.92,254.72,140.28,252.89,164.1,271,168.51,271.98,176.74,284,194.23,209.95,169.02,207.65,134.32,173.38,126.67,145.76,129,161.63,134.99,211.09,119.01,150.73,119.03,226.62,127.08,146.29,103,150.21,100,147.74,104,174.46,116,228.11,169,221.36,161,209.9,128.08,202.05,117.97,221.22,163.01,189.96,212.97,193.83,205.23,226.19,206.74,246.3,219,225.96,219.02,218.51,216.35,250.94,223.98,239.06,216.96,218.22,234.09,231.04,213,245.09,187,235.61,206.63,232.52,213,235.31,222.28,244.23,218.95,257.64,217.63,269.29,225.35,296.54,223.01,290.57,224.58,238.74,221.05,271.53,221.4,266.03,228.01,263.59,223.02,255.07,176.04,263.56,162.98,257.28,203.13,230.39,230.14,230.87,229.04,240.02,219,235.78,217,229.71,212.28,225.86,207.06,233.38,204.01,247.78,190.93,249.52,177.47,258.31,163.97,266.99,153,263.1,152.02,257.31,151.59,251.5,158.5,240.72,159.21,237.39,154.53,244.96,147.99,252.68,131.11,253.1,136.92,256.05,136.96,254.01,137,244.68,108.06,242.34,106.55,229.46,120.99,228.37,121.63,226.08,120.97,225,120,226.2,120.83,222.48,117,230.23,111,276.77,102.03,282.87,88.952,288.48,89.091,277.55,103.44,261.64,111.03,266.21,123.04,266.91,127
213.05,191.08,209,186.14,214.69,191.63,220.03,164.08,218.03,151.09,239.03,181.19,230.39,180.05,235.17,179.27,257.97,188.95,258.03,193.35,250.02,202.2,246.99,206.03,233.94,202.09,243.88,201.25,239.04,197.75,234.12,182.84,250.06,149.9,246.47,173.5,268.92,179.76,274,188.12,280.98,205.05,200.99,177,199.17,140.8,163.2,129.99,133.51,129.01,150.22,136.81,200.86,120,139.09,118.05,217.08,125,133.99,103,138.37,101,136.06,105,162.72,115.94,217.11,169,210.36,161,200.22,131.05,192.39,121.04,210.96,161,179.19,209.94,184.34,210.98,217.16,213.86,235.18,220.85,215.55,222.47,209.27,222.85,241.08,228.97,227.59,217.99,206.75,233,220.22,214.99,233.15,187,224.46,205,220.83,212.03,224.2,219.93,232.18,219.08,248.08,212.1,260.37,218.38,286.18,221,279.99,223,228.76,216.82,261.62,217.65,255.69,223.96,253.5,218.46,246.47,168.47,254.33,158.05,247.21,198.05,221.27,224.04,221.11,224.05,228.05,219.03,223.71,216.73,218.76,215,216.39,212.59,223.62,208.99,236.69,193,239.62,182.34,249.21,170.84,257.14,156.92,253.03,155.99,247.81,157.15,241.6,163.03,230.99,164,228.36,161.63,234.9,152.07,242.3,134.62,243.68,142.35,246.07,140.99,244.61,142.5,236.2,114.8,233.46,112.99,220.35,128.65,219.44,129.54,216.3,126.74,214.77,124.17,214.94,122.99,210.7,117.99,218.68,109.71,266.61,105.37,273.55,93.548,277.99,91.006,268.09,108.94,251.23,114.89,254.95,125.03,255.7,125.07
217.02,201.37,211.12,197.29,219.68,201.65,224.05,174.13,225.19,160.19,246.96,189.96,240.04,186.03,240.85,188.81,261.99,199.24,262.41,203.42,255.01,212.02,249.97,216.38,229.73,212.3,239.01,210.96,233.99,207.47,228.45,192.51,244.66,159.25,237.6,181.4,264.23,189.78,271.73,199.3,275.27,214.74,191.22,182.83,190.6,146.99,152.44,132.09,121.74,128,138.06,137,190.63,121.01,127.41,117,207.34,123.33,122.45,104.56,127.01,103,124.86,105,151.46,116.99,206.11,169,199.85,160.02,190.09,132.95,182.74,124.2,200.72,158.99,167.56,209.09,175.23,217.77,208.07,220.92,224.21,223,205.58,226.87,199.4,227.95,230.87,233.06,216.37,219.65,195.76,230.91,208.41,215,221.21,187,213.48,203.03,209.14,211,213.46,216.91,221.05,217,238.75,205.99,251.41,211.45,275.78,219.05,269.13,222,219.04,212.02,252.19,212.94,245.5,219.52,243.34,214.04,237.86,160.97,245.3,152.36,237.33,192.43,212.66,216.63,212.3,216.3,218.34,214.03,214.02,211.02,207.38,213.33,205.18,213.98,212.59,211,225.59,193.03,228.82,185,239.33,175.7,247.48,161.55,242.69,159.3,238,162,231.63,167.34,221.69,170.03,219.27,168.67,225.35,157.57,233.03,140.97,236.01,150.97,237.13,147.78,235.32,148.59,228.17,122.84,224.8,120.19,211.15,135.93,210.23,136.7,206.3,131.98,203.37,125.65,202.59,123,199.59,115.61,207.78,106.98,256.17,108.04,263.76,96.924,267.92,94.047,258.09,112.94,240.58,118.41,243.25,126,245.31,121.28
221.11,211.61,213.94,207.91,224.68,211.65,229.6,183.58,232.31,169.3,254.03,199.02,249.27,193.26,245.02,198.94,264.98,209.98,266.63,213.61,258.94,222.17,251,227.68,223.23,221.66,233.47,220.5,227.4,216.67,221.32,201.65,237.85,168.15,228.2,187.82,257.09,198.96,266.67,209.31,267.12,222.98,181.12,187.89,181.68,152.29,142.17,130.88,109.98,129,126.74,139.1,179.91,121,115.27,117,197.03,123.02,111.75,107.93,116.18,105.96,114.08,107.95,140.68,119.1,195.12,169,189.34,161,180.45,136.08,173.46,128.12,190,158,155.89,208,166.47,225.54,199.24,228.73,213.66,226.03,195.77,231.93,189.9,234.02,220.64,237.23,205.02,221,184.81,228.92,196.6,215,209.27,186.97,202.32,201.31,197.94,209,202.7,213.89,209.96,214.97,229.25,200.27,242.3,205.03,265.36,217.01,258.28,221,208.71,208.72,242.33,209.32,234.88,215.93,232.68,210.69,228.79,154.78,236.72,145.64,227.59,186.62,205.84,207.8,204.46,207.59,209.78,205.77,206.09,202.17,197.94,206.94,194.74,210.8,201.56,209,214.01,192,217.71,187,228.36,178.01,236.44,162.89,232.05,161.97,227.84,166.05,222.13,172.91,212.53,176.44,210.23,175.76,216.47,164.67,224.53,149.47,229.95,160.19,229.28,155.72,226.5,155.6,220.97,131.18,216.27,127.73,201.63,142.45,200.8,143.15,195.31,135,191.44,126.11,190.76,122.08,188.56,113.09,197.31,103.29,244.97,109,254.2,101.04,257.85,97.07,247.2,114.99,229.48,121,231.52,126.97,234.24,118.97
222,223.27,218.05,218.08,226.98,222.8,232.98,193.96,236.58,179.57,258,209.32,256.05,202.69,245.97,210.54,265.97,221.72,268,225.06,260,233.74,249.01,238.49,215.15,229.97,224.69,228.21,218.3,223.61,212.95,209.06,229.36,175.98,217.1,190.01,247.52,204.97,257.88,216.05,257.39,228.61,170.32,191,172.53,157.01,131.39,133,98.486,130.52,114.97,140,169.19,121,103.62,117.92,187.49,120.97,100.62,110.49,105.85,110.13,103.79,112.11,130.35,121.98,184.12,169,178.34,161,170.33,137.96,164.2,131.95,179.28,157,144.23,209,157.39,232.53,190.19,235.83,203.12,229.02,185.63,236.13,179.73,238.26,210.29,240.98,193.01,221,173.89,227.04,184.8,214.99,198.21,185.17,191.02,200,186.72,207.01,191.64,211.66,199.25,212.04,219.98,193.97,233.26,198.31,255,215,246.97,220.98,198.64,204.64,232.34,206.03,224.38,212.32,222.13,207.1,219.39,149.4,227.7,139.96,217.77,180.99,199.69,198.77,199.68,197.65,203.89,196.33,201.04,192.21,190.81,197.76,185.55,204.56,191.54,204.55,203.53,188.54,206.09,185.99,216.78,179,225.2,164,221.58,164.97,217.68,170.12,212.01,176.99,203.05,181.98,200.93,182.1,206.9,170.13,217.55,158.57,225.06,169.79,220.97,164.1,217.22,161.7,213.52,139.4,207.76,135.29,190.53,145.02,189.47,145,183.26,134.33,181.18,122.12,180.27,118.05,178.54,107.96,187.13,99.091,233.75,108,243.74,101.12,246.38,97,236.23,117,218.13,122.94,219.31,127,223.57,116.12
217.63,233.49,217.85,229.17,222.03,232.79,231.73,204.31,235.13,190.52,255.62,220.3,254.91,214.53,241.51,220.58,260.52,231.49,263.03,234.93,256.76,244.37,242.21,246.72,204.82,234.01,215.21,233.81,208.29,228.01,203.03,213.98,220.36,182.53,205.85,192.07,236.75,207.92,248.21,222.06,246.33,231.01,159.3,193.72,163.1,161,120.15,134.03,87.492,132.9,103.66,142.13,158.96,122,92.953,121.03,177.97,119,89.94,114.07,96.419,116.71,93.628,116.33,120.62,126.35,173.12,169,168.27,163.06,160.69,141.1,155.29,136.97,168.08,157,132.57,209.97,148.17,238.88,180.79,242.06,191.62,230.02,174.71,238.26,169.36,242.11,198.76,242.21,181.51,220.13,163.8,222.95,173.97,212.98,186.85,184.01,180.5,197.04,176.02,203.99,181.16,208.05,189.1,208.04,210.69,187.69,224.61,190.61,244.64,213,236.58,219,188.5,201.12,222.46,202.43,213.78,208.8,211.45,204.1,209.18,146.12,218.33,135.32,207.81,175.74,193.61,189.68,194.05,188.12,200.04,186.25,198.13,181.44,187.1,187.37,179.31,195.35,182.76,196.81,194.21,182.22,195.87,181.94,206.17,176.11,214,163,209.65,164.98,206.2,171.01,200.98,179,192.52,185,191.07,186.95,197.36,175.64,210.48,167.55,219.79,179.32,212.8,171.26,207.73,167.05,206,147,198.66,141.31,180.19,145.1,178.16,143.04,172.91,129.95,171.21,117.28,170.48,112.34,168.95,101.94,177.14,94.181,222.54,106.99,232.76,101.95,234.89,97,225.3,119.01,207.18,125.86,207.1,127,212.85,113.05
208.5,240.61,211.47,238.51,212.7,239.28,224.66,213.03,228.23,199.75,248.57,229.4,249.59,224.51,232.7,228.39,252.15,238.93,254.92,243.03,248.5,252.01,232.81,252.09,193.57,236.11,203.33,234,196.77,229,191.93,216.05,210.69,186.97,194.8,194.19,226,211,237.86,226.12,235.13,232.94,148.63,196.89,153.17,163.86,108.92,135,76.695,135.91,92.842,144.99,148.72,121,82.747,125.14,167.95,118.01,80.393,120.49,86.821,123.03,83.998,122,111.01,131,162.73,170.23,157.28,163.03,150.56,143.01,146.48,142.4,157.35,158.08,120.91,211,138.31,243.69,170.94,247.03,180.1,231,162.99,239,157.71,243,187,243,170.98,216.99,154.06,218.07,164.08,208.97,175.88,182.02,169.98,193.99,165.7,199.96,171.17,203.14,179.26,203.05,201.93,179.93,215.93,182.93,233.77,212.02,225.23,219,178.58,196.64,212.6,198.62,203.54,204.55,201.15,200.12,198.86,142.93,207.95,133,197.64,170.97,186.96,180.76,188.51,178.51,195.38,176.4,194.07,171.09,183.99,176.63,175.99,184.99,177.96,186.93,187.92,172.87,187.3,173.42,196.82,169.82,204.55,158,199.72,160.71,196.06,167.04,190.27,176.23,181.41,183.36,179.07,187.04,186.09,177,202.7,176.3,212.1,187.9,203.35,176.66,196.81,169,197.43,153.56,188.81,145.16,169.74,140.93,168.57,136.99,163.56,122.95,162.16,110.16,160.86,105.96,158.93,96.96,166.87,90.011,211.83,105.02,222.78,102.99,223.41,97,214.35,121.07,195.96,128.02,194.89,127,202.12,110.04
197.32,242.71,201.82,244.12,200.79,240,214.56,216.97,218.82,206.09,239.52,236.51,241.57,233.43,223.08,233.97,242.21,243.95,245.87,250.15,239.07,257.96,223.4,257.48,182.24,237.79,191.34,234,184.76,229,181.46,219.55,199.88,189,184.6,198.38,216.32,216.69,227.79,231.16,224.26,235.78,138.21,200.98,142.97,166.02,98.095,136.93,66.374,139.97,81.69,147.3,138.01,121,72.853,130.07,157.93,117,70.969,127.03,77.658,130.42,75.15,129.86,101.61,136.29,152.58,172.13,147.22,165.02,141.23,146.82,137.89,148.14,146.75,159.2,108.76,211,127.93,246.99,160.8,250.93,168.59,230.01,151.86,236.93,145.56,243,175.85,240.99,160.84,212.96,144.85,211.83,154.39,204.37,164.91,180.01,159.96,189.98,155.57,195.59,161.23,198.18,169.64,197.53,193.17,172.17,207.56,174.47,222.9,211,213.89,219,168.81,191.95,203.12,194.08,193,201,190.48,196.91,187.14,142.93,197.44,130.99,187.15,167.04,180.95,171.63,180.98,169.64,189.09,167.16,190.62,160.49,182.98,164.97,176,173.09,176,175.84,185.04,162.27,181.91,163.65,189.94,160.68,196.85,149.86,191.01,153.03,187.32,159.29,181.25,169.25,172.14,177.14,169.46,181.43,175.38,174.36,193.38,182.61,202.92,193.98,192.17,178,186.29,166.22,187.78,157.09,177.66,145.69,160.03,135.04,159.25,130.23,154.43,115.43,152.77,103.82,150.81,100.86,148.62,92.649,156.1,86.991,200.74,103.78,212.75,102.02,211.92,97,202.93,122,185.07,130.96,183.65,124.99,191.41,107
185.78,242,190.64,246,189.71,237.71,203.11,216,209.7,213.19,230.73,244.33,233.6,242.41,213.97,241.01,232.47,249.52,236.45,256.45,229.47,263.51,214.31,263.63,171.1,240.02,179.35,234,172.75,229.01,171.02,222.99,188.61,189.92,174.54,203.04,207.14,223.83,218.05,236.94,213.62,239.02,128.62,207.35,132.23,167,87.415,139,56.377,145.11,71.127,150.9,127.85,119.88,63.715,137.03,147.91,116.02,62.01,134.99,68.633,138.35,66.29,137.71,93.796,144.03,142.57,174.11,137.45,167.56,132.06,150.97,129.19,153.75,137.41,160.98,96.623,211.08,116.92,249.06,150.65,255.13,157.56,228,140.31,236.11,133.89,242,164.21,240.09,151.06,208.03,136.17,204.09,144.96,198.98,154.29,177.26,149.88,185.96,145.44,191.39,151.18,193.25,160.31,191.21,184.42,164.4,198.52,167.62,211.55,211,203.03,218,159.12,187.05,193.55,189.57,182.59,196.89,179.69,194.03,176.35,145,186.94,132.98,176.75,163.03,173.97,162.88,172.57,162.01,181.81,158.89,183.38,151.41,179.46,154.38,174.98,161.64,174.99,164.3,182.41,151.44,177.89,153.37,184.93,150.88,191.51,140.48,185.52,143.5,182.5,149.53,174.99,159.97,165.19,168.15,161.6,172.7,166.11,168.11,182.55,185,192.08,196,181.52,175.54,177.06,160.06,177.24,155.23,167.66,141.96,150.46,128.56,150.59,121.58,145.24,108.04,143.25,98.046,140.71,95.96,138.1,88.985,144.88,85.002,189.96,101.97,202.26,102.02,200.43,97,192.85,126.05,174.62,135.01,172.42,122.92,180.7,104.06
175.06,238.99,179.01,245,179.63,232.98,192.15,214.07,200.91,221.09,221.88,252.12,225.61,251.36,205.17,248.83,223.08,255.98,227.67,264.32,219.88,269.03,205.43,270.48,160.36,243.01,167.56,233.58,161.23,230.02,160.55,226.48,178.2,192.82,165,209,198.52,232.48,208,242,203.21,242.81,119.44,214.67,120.98,167,76.659,140.93,46.754,151.05,60.401,154.11,117.54,119,54.361,143.56,137.88,115,52.986,142.29,59.668,146.33,59.23,146.89,85.014,150.99,132.38,175.64,127.16,168.92,122.83,155.12,120.5,159.37,127.45,163.59,84.951,210,105.82,251,140.11,257.94,146.51,225.9,129.66,233.03,122.15,241.12,153.04,237.99,140.95,203.97,127.15,197.16,135.38,194.03,143.44,174.91,139.86,181.93,135.44,186.47,141.52,187.53,150.9,184.96,175.65,156.65,189.9,159.88,200.2,211,192.17,217,149.44,181.91,184.27,184.36,171.78,193.91,168.44,192.1,165.09,145.95,176.9,135.97,165.87,159.96,167.08,154.08,163.1,156.11,172.79,151.95,173.96,144.98,171.58,145.49,171.42,151.33,172.5,153.53,178.01,141.42,174.13,143.17,181.49,140.49,187.99,130.52,182.12,133.25,178.93,139.2,170.05,150.24,160.13,158.57,156.83,162.77,159.09,159.14,171.92,181.97,181.21,193.93,172.64,168.64,170.95,150.82,167.57,151.68,158.58,135.98,141.22,121.3,141.55,113.98,135.66,101.68,132.99,93.992,129.9,92.93,126.79,89.09,133.66,85.002,179.19,100.01,191.3,101.03,189.43,98.029,181.91,127.97,163.52,137.51,161.19,120.98,169.65,101.68
164.58,235.57,168.78,240.89,169.49,228.48,181.66,211.06,192.27,229.62,213.33,260.67,218.44,260.66,196.63,257.39,213.92,263.09,218.84,272.16,210.34,274.69,196.88,278.12,149.4,245.61,155.86,233.03,149.7,231,150.05,230.01,168.4,197.08,155.59,215.41,189.88,241.12,198.26,247.78,192.98,246.99,110.39,222.64,109.72,167,66.36,144.11,37.994,158.51,50.826,160.19,107.8,121.09,48.002,152.99,127.85,115.99,48.097,152.33,53.049,155.78,54.019,156.06,76.404,158.51,122.07,176.96,117.41,171.61,113.63,159.23,111.88,165.05,117.59,166.4,72.804,209.99,94.283,252,129.97,262.02,135.49,224,118.56,231.08,110.55,240.03,142.25,235.21,131.19,199.13,117.93,190.92,125.48,190.14,132.95,171.97,129.61,178.62,125.6,181.48,131.83,181.82,141.52,178.65,166.64,149.61,180.95,152.95,189.33,210,181.31,216.01,139.54,177.56,175.06,179.05,160.67,191.69,157.19,190.09,154.87,149.11,167.28,139.79,154.62,157.67,158.78,145.78,153.35,151.02,162.5,148.47,163.61,141.07,162.15,139.05,164.41,142.41,166.96,143.92,171.25,132.26,167.79,133.81,175.9,130.91,183.05,121.08,178.03,123.25,175.02,129.12,163.97,140.88,155.67,148.64,152.86,152.53,155.03,149.07,162.17,177.08,172,188,165.76,159.72,167.01,140.83,159.34,144.32,150.2,128.11,131.79,114.72,131.96,107.97,125.14,98.075,121.8,92,118.92,92.044,115.58,89.244,122.31,86.716,167.98,99,180.33,102,178.61,99.367,171.44,131.09,153.25,141.88,150.42,117.97,158.31,100.1
154.11,232.05,158.94,235.97,159.7,222.87,171.11,208.08,185.94,239.05,205.54,269.49,212.64,270.39,190.31,266.77,205.29,271.71,211.01,280.99,201.04,280.99,188.34,285.77,138.38,247.89,144.35,232,138.18,232,138.84,232.08,157.14,197.93,146.51,222.62,181.98,250.03,188.65,254.03,183.27,252.67,103.08,231.85,98.636,167.34,56.44,147.61,32.659,168.4,42.972,168.53,97.579,122,43.077,162.86,117.83,117.01,45.05,163.23,48.98,166.23,50.995,166.78,68.903,167.14,112.52,179.97,107.59,173.97,104.77,164.18,102.97,170.02,107.63,168.99,61.143,209,82.502,251.5,119.27,264.76,124.91,220.95,107.93,228.02,98.869,238.93,131.19,232.99,121.47,193.91,108.95,183.94,115.92,184.97,122.36,169.3,119.8,173.94,115.83,175.9,122.34,175.42,132.23,172.3,157.6,142.59,171.73,146.77,178.01,210.01,170.94,214,129.54,173.55,165.05,176.03,149.21,190,145.93,188,144.92,153.1,158.06,144.93,143.11,156,150.2,138.24,143.2,147.07,152.08,145.06,152.93,137.94,151.92,134.97,155.45,135.44,158.92,135.91,162.26,125.03,158.98,125.97,168.15,122.08,176.98,111.97,171.31,114.15,167.36,120.35,157.62,131.65,150.91,138.83,150.02,142.03,151.01,139.02,153.09,170.09,163.64,179.62,161.05,150.06,163.58,130.53,152.03,136.03,141.32,121.38,121.4,110.39,121.62,104.03,114.23,96.993,110.11,92.912,107.58,94.009,105.79,92.269,112.37,91.622,156.28,99.027,169.25,102.78,168.3,101.76,160.04,131.98,143.44,147.59,140.03,114.02,147.11,98
143.9,227.94,149.05,231.03,149.51,218.52,160.14,206.11,179.52,248.37,198.4,278.51,206.94,280.19,183.96,276.08,196.67,280.33,203.18,289.81,191.96,288.01,179.36,292.53,127.62,251.1,132.36,232,127.14,234,127.17,233,146.86,200.97,137.28,229.7,174.83,259.22,179.49,261.5,174.41,260.61,97.37,241.71,87.791,168.17,46.314,150.89,28.976,178.88,37.616,178.41,88.189,124.84,40.026,173.54,108.8,120.08,43,174.57,46.971,177.58,49.721,178.31,62.956,176.29,102.52,181.98,97.553,176.13,95.847,169.05,94.042,174.94,97.927,171.98,49.495,208.1,71.217,250.09,108.54,267.46,114.27,218.23,97.362,225.14,87.479,237.47,120.66,229.68,111.56,189.42,99.953,176.98,106.34,180.02,112.41,165.02,110.08,169.02,106.74,168.71,113.47,167.48,122.93,165.93,148.34,136.3,162.54,140.55,167.12,209,160.09,213,119.25,170.21,154.9,172.93,137.91,188,134.46,186.46,135.35,157.98,148.88,150.09,131.52,154.5,141.66,130.66,133.44,142.01,141.11,143.05,142.12,134.96,141.69,130.76,145.94,129.97,149.86,128.95,152.48,120.14,149.12,120.97,158.36,117.13,167.92,105.89,162.01,108.01,158.1,114.03,148.58,124.68,143.9,129.91,144.42,132.43,145.57,129.45,144.06,163.02,155.99,170.99,157.04,140.12,158.94,120.79,143.73,128.72,132.4,115.05,110.21,107.95,109.88,102.98,103.56,98.446,99.935,97.029,97.64,99.347,97.559,100.44,105.04,100.69,145.58,100.88,158.81,105,158.41,104.87,150.06,136.02,133.17,152.06,129.5,110.5,135.44,96.998
134,223,139.57,225.01,139.36,214.03,149.25,204.01,174.67,258.37,192.86,288.21,201.84,290.18,179.01,285.93,188.46,288.44,194.62,298.38,182.7,294.4,170.37,298.77,115.95,252.03,120.37,232,115.61,233,115.95,233,137,205,130.31,237.62,168.36,268.6,170.79,270.22,166.52,269.52,92.179,251.74,77.616,170.37,36.897,156.12,29,191.12,34,188.96,78.682,127.3,39,185.19,99.657,123.01,42.08,186.37,45.002,188.94,47.971,189.63,57.427,185.58,92.485,183.97,87.559,177.91,86.98,174.01,84.84,179.11,88.251,174.88,38.77,204.96,60.652,247.07,97.698,269.97,103.77,214.95,87.543,219.99,77.017,234.01,110.68,224.96,101.92,183.95,92.017,168.36,97.384,173.39,102.8,159.77,101.37,161.37,99.55,159.65,104.98,158.78,113.52,159.66,139.04,130.02,152.76,135.81,155.77,208.95,149.23,212,108.4,168.03,144.72,169.98,126.15,187.07,122.47,186,126.16,163.84,140.24,156.76,120.81,150.98,133.36,122.36,124.02,136.02,131.29,138.28,131.85,130.89,131.71,125.96,136.47,124.46,140.34,123.3,142.27,115.92,138.86,117.02,147.8,113.83,157.98,102,151.89,103.99,147.56,111.08,139.67,117.6,136.2,121.2,138.03,123.11,138.48,120.56,135.02,156.02,148.1,163.1,150.2,131.2,151.92,111.92,134.86,122.93,122.64,110.67,98.532,109.43,99.023,105.99,93.784,104.23,92.056,105.83,91.107,108.85,93.025,110.61,100.29,110.7,135.81,105.04,148.59,107.42,148.55,108.47,140.41,140.98,122.33,154.98,119.48,105.58,124.17,95.133
124.34,217.34,130.39,218.28,129.35,209.02,137.8,203,170.42,268.57,187.98,298.05,197.94,300.68,174.12,295.74,179.89,297.11,186.83,307.27,173.06,299.97,160.59,303.31,104.45,252.44,109.35,229.97,104.74,230.75,105.14,230.1,126.73,208.04,122.94,246.06,163.4,278.61,164.23,279.63,160.88,279.27,88.993,262.63,67.422,172.58,29.34,164.67,30.883,202.38,33.996,201.24,69.494,130.51,38.928,197.33,90.998,127,40.989,198.19,42.089,199.88,44.897,200.36,52.04,194.93,82.637,186.33,78.349,181.68,77.817,178.14,75.901,184.06,78.952,178.99,28.635,200.67,50.547,242.99,86.093,271,94.018,210.01,77.749,214.84,66.701,229.94,100.79,219.94,93.175,176.18,86.013,159.03,89.037,165.04,94.357,151.33,92.98,152.91,93.952,149.92,98.34,149.44,104.36,153.06,129.54,124.41,143.03,131.01,144.9,210,137.88,212,97.445,165.99,134.1,168,114.83,185.01,111.22,184,117.58,171.42,132.12,164.88,110.51,146.52,125.05,114.1,115.24,128.24,121.43,133.52,121.85,125.94,121.79,120.87,126.97,118.98,130.68,117.96,131.65,113.07,128.69,113.1,137.09,110.99,147.16,100.12,140.93,102,137.02,108,130.14,112.06,127.43,113.55,130.01,115,130.57,112.48,125.7,149.75,139.25,156.16,141.61,123.53,143,105,125.35,118.99,112.23,107.95,88.275,113.76,89.309,111.7,88.009,114.06,89.101,116.51,89.999,120.67,92,122.39,96.906,121.25,126.79,111.21,139.21,111.92,139.89,115.11,130.67,146.01,110.97,155,110.1,99.12,113.37,92.351
116,210,121,212,119,205,127,203,169,280,186,309,196,312,170,306,172,306,179,316,164,307,151,308,93,251,99,227,95,226,95,226,117,212,118,256,160,289,160,290,158,290,87,274,58,176,24,174,37,212,37,212,61,135,40,209,82,130,40,210,40,211,42,211,46,204,73,189,69,185,69,183,67,189,70,184,19,195,41,238,74,271,85,203,69,207,57,225,92,212,87,167,82,149,85,155,89,142,89,143,89,140,92,140,95,147,120,119,133,127,135,213,128,215,86,165,123,169,104,182,100,182,110,180,124,173,101,140,119,105,109,119,113,125,113,118,114,112,118,112,121,113,121,110,118,110,126,109,136,101,129,102,126,106,120,108,118,108,121,108,121,107,115,147,129,153,132,119,133,101,115,117,101,109,79,121,83,121,87,125,90,127,92,132,93,134,94,132,119,119,133,120,133,123,121,151,100,152,101,92,103,89
